Key,Kyrgyz(ky),English(en),Russian(ru),Arabic(ar),Bulgarian(bg),Catalan(ca),Croatian(hr),Czech(cs),Danish(da),Dutch(nl),Estonian(et),Finnish(fi),French(fr),German(de),Greek(el),Hebrew(he),Hindi(hi),Hungarian(hu),Indonesian(id),Italian(it),Japanese(ja),Korean(ko),Latvian(lv),Lithuanian(lt),Malay(ms),Norwegian(no),Polish(pl),Portuguese(pt),Romanian(ro),Serbian(sr),Chinese (Simplified)(zh-Hans),Slovak(sk),Slovenian(sl),Spanish(es),Swedish(sv),Filipino (Philippines)(fil-PH),Thai(th),Turkish(tr),Ukrainian(uk),Vietnamese(vi)
title,Lalafun бөбөк оюндары,Lalafun Baby Games,Детские игры Lalafun,ألعاب لالافون للأطفال,Лалафун Бебешки Игри,Jocs per a nadons Lalafun,Lalafun Igre za bebea,Lalafun Dětské hry,Lalafun Babyspil,Lalafun Baby Spelletjes,Lalafuni beebimängud,Lalafun-vauvapelit,Jeux pour bébé Lalafun,Lalafun Babyspiele,Παιχνίδια μωρών Lalafun,משחקי תינוקות Lalafun,लालाफुन बेबी गेम्स,Lalafun babajátékok,Permainan Bayi Lalafun,Giochi per bambini Lalafun,ララファン ベビーゲーム,라라펀 베이비 게임,Lalafun mazuļu spēles,Lalafun kūdikių žaidimai,Permainan Bayi Lalafun,Lalafun Babyspill,Gry dla niemowląt Lalafun,Jogos de Bebê Lalafun,Jocuri pentru bebeluși Lalafun,Лалафун игре за бебе,Lalafun婴儿游戏,Lalafun Detské hry,Lalafun Igre za dojenčke,Juegos para bebés Lalafun,Lalafun Babyspel,Lalafun Baby Games,ลาลาฟัน เบบี้ เกมส์,Lalafun Bebek Oyunları,Дитячі ігри Lalafun,Trò chơi trẻ em Lalafun
subtitle1,"1,5 жаштан 4 жашка чейинки балдар үчүн билим берүү жана оюндар",Learn & Play for Ages 1.5–4,"Обучение и игры  для детей от 1,5 до 4 лет",تعلّم والعب للأعمار من ١.٥ إلى ٤ سنوات,"Учете и играйте за деца от 1,5 до 4 години","Aprèn i juga per a nens d'1,5 a 4 anys","Učenje i igranje za djecu od 1,5 do 4 godine","Učte se a hrajte si pro děti od 1,5 do 4 let","Lær og leg for børn i alderen 1,5-4 år","Leren & Spelen voor kinderen van 1,5 tot 4 jaar","Õpi ja mängi vanuses 1,5–4","Opi ja pelaa 1,5–4-vuotiaille","Apprendre et jouer pour les 1,5 à 4 ans","Lernen & Spielen für Kinder von 1,5 bis 4 Jahren","Μάθετε & Παίξτε για ηλικίες 1,5–4 ετών",למד ומשחק לגילאי 1.5-4,1.5-4 साल के बच्चों के लिए सीखें और खेलें,"Tanulás és játék 1,5–4 éves korig","Belajar & Bermain untuk Usia 1,5–4 Tahun","Impara e gioca per bambini da 1,5 a 4 anni",1.5～4歳向けの学びと遊び,1.5~4세 어린이를 위한 학습 및 놀이,"Mācies un spēlējies 1,5–4 gadu vecumam","Mokykis ir žaisk 1,5–4 metų amžiaus vaikams",Belajar & Bermain untuk Umur 1.5–4,"Lær og lek for barn i alderen 1,5–4 år","Ucz się i baw dla dzieci w wieku 1,5–4 lat","Aprenda e Brinque para Crianças de 1,5 a 4 Anos","Învață și joacă-te pentru copii cu vârsta cuprinsă între 1,5 și 4 ani","Учите и играјте се за узраст од 1,5 до 4 године",适合1.5-4岁儿童的学习和娱乐,"Učte sa a hrajte sa pre deti vo veku 1,5 – 4 roky","Učenje in igranje za otroke od 1,5 do 4 let","Aprende y juega para niños de 1,5 a 4 años","Lär och lek för åldrarna 1,5–4",Matuto at Maglaro para sa Edad 1.5–4,เรียนรู้และเล่นสำหรับเด็กอายุ 1.5–4 ปี,"1,5-4 Yaş Arası Çocuklar İçin Öğrenin ve Oynayın","Навчання та гра для дітей віком 1,5–4 роки","Học & Chơi dành cho trẻ từ 1,5 đến 4 tuổi"
subtitle2,Жарнамалар жок. Оффлайн. Кызыктуу оюндар.,No Ads. Offline. Fun Games,Без рекламы. Офлайн. Весёлые игры,بدون إعلانات. بدون اتصال بالإنترنت. ألعاب مسلية,Без реклами. Офлайн. Забавни игри,Sense anuncis. Fora de línia. Jocs divertits,Bez oglasa. Offline. Zabavne igre,Bez reklam. Offline. Zábavné hry,Ingen reklamer. Offline. Sjove spil,Geen advertenties. Offline. Leuke spelletjes,Reklaamideta. Võrguühenduseta. Lõbusad mängud,Ei mainoksia. Offline. Hauskoja pelejä,Sans publicité. Hors ligne. Jeux amusants,Keine Werbung. Offline. Lustige Spiele,Χωρίς διαφημίσεις. Εκτός σύνδεσης. Διασκεδαστικά παιχνίδια,ללא פרסומות. במצב לא מקוון. משחקים מהנים,बिना विज्ञापन के। ऑफ़लाइन। मज़ेदार गेम,Reklámok nélkül. Offline. Szórakoztató játékok,Tanpa Iklan. Offline. Permainan Seru,Senza pubblicità. Offline. Giochi divertenti,広告なし、オフライン、楽しいゲーム,광고 없음. 오프라인. 재미있는 게임,Bez reklāmām. Bezsaistē. Jautras spēles,Jokių reklamų. Neprisijungęs. Smagūs žaidimai,Tiada Iklan. Luar talian. Permainan Seronok,Ingen reklame. Offline. Morsomme spill,Bez reklam. Offline. Zabawne gry,Sem Anúncios. Off-line. Jogos Divertidos,Fără reclame. Offline. Jocuri distractive,Без реклама. Офлајн. Забавне игре,无广告。离线。趣味游戏,Bez reklám. Offline. Zábavné hry,Brez oglasov. Brez povezave. Zabavne igre,Sin publicidad. Sin conexión. Juegos divertidos,Inga annonser. Offline. Roliga spel,Walang Ads. Offline. Nakakatuwang Laro,ไม่มีโฆษณา ออฟไลน์ เกมสนุก ๆ,Reklamsız. Çevrimdışı. Eğlenceli Oyunlar,Без реклами. Офлайн. Веселі ігри,Không quảng cáo. Ngoại tuyến. Trò chơi vui nhộn
subtitle3,Балдар үчүн билим берүүчү мини-оюндар,Educational Mini-Games For Kids,Развивающие мини-игры для детей,ألعاب تعليمية صغيرة للأطفال,Образователни мини-игри за деца,Minijocs educatius per a nens,Edukativne mini-igre za djecu,Vzdělávací minihry pro děti,Uddannelsesmæssige minispil for børn,Educatieve minigames voor kinderen,Harivad minimängud lastele,Opettavaisia ​​minipelejä lapsille,Mini-jeux éducatifs pour enfants,Lernende Minispiele für Kinder,Εκπαιδευτικά μίνι παιχνίδια για παιδιά,מיני-משחקים חינוכיים לילדים,बच्चों के लिए शैक्षिक मिनी-गेम,Oktató minijátékok gyerekeknek,Mini-Game Edukasi untuk Anak,Minigiochi educativi per bambini,子供向けの教育ミニゲーム,어린이를 위한 교육용 미니 게임,Izglītojošas mini spēles bērniem,Edukaciniai mini žaidimai vaikams,Permainan Mini Pendidikan Untuk Kanak-kanak,Pedagogiske minispill for barn,Edukacyjne minigry dla dzieci,Minijogos Educativos para Crianças,Mini-jocuri educaționale pentru copii,Едукативне мини-игре за децу,儿童教育迷你游戏,Vzdelávacie minihry pre deti,Izobraževalne mini igre za otroke,Minijuegos educativos para niños,Pedagogiska minispel för barn,Pang-edukasyon na Mini-Laro Para sa Mga Bata,มินิเกมเพื่อการศึกษาสำหรับเด็ก,Çocuklar İçin Eğitici Mini Oyunlar,Освітні міні-ігри для дітей,Trò chơi mini mang tính giáo dục dành cho trẻ em
keywords,"бала, балдар, наристе, окуу, билим берүү, баш катырма, боёо, фигуралар, сандар, тамгалар, оюндар, кызыктуу, мектепке чейинки, бала бакча","toddler,kids,children,baby,learning,educational,puzzle,coloring,shapes,numbers,letters,games,fun,preschool,kindergarten","малыш, дети, младенец, обучение, образовательный, головоломка, раскраска, фигуры, цифры, буквы, игры, веселье, дошкольное учреждение, детский сад",طفل صغير، أطفال، أطفال، رضيع، تعلم، تعليمي، ألغاز، تلوين، أشكال، أرقام، حروف، ألعاب، مرح، ما قبل المدرسة، روضة أطفال,"малко дете, деца, бебе, учене, образователен, пъзел, оцветяване, форми, числа, букви, игри, забавление, предучилищна възраст, детска градина","nen petit, nens, nens, nadó, aprenentatge, educatiu, trencaclosques, pintar, formes, nombres, lletres, jocs, diversió, preescolar, llar d'infants","dijete, djeca, beba, učenje, edukativni, zagonetka, bojanje, oblici, brojevi, slova, igre, zabava, predškolska ustanova, vrtić","batole, děti, miminko, učení, vzdělávací, puzzle, vybarvování, tvary, čísla, písmena, hry, zábava, předškolní zařízení, mateřská škola","småbørn, børn, baby, læring, uddannelsesmæssig, puslespil, farvelægning, former, tal, bogstaver, spil, sjov, førskole, børnehave","peuter,kinderen,baby,leren,educatief,puzzel,kleuren,vormen,cijfers,letters,spelletjes,plezier,kleuterschool,kleuterschool","väikelaps, lapsed, lapsed, beebi, õppimine, hariduslik, pusle, värvimine, kujundid, numbrid, tähed, mängud, lõbu, eelkool, lasteaed","taapero, lapset, vauva, oppiminen, koulutus, palapeli, väritys, muodot, numerot, kirjaimet, pelit, hauskaa, esikoulu, päiväkoti","tout-petit, enfants, bébé, apprentissage, éducatif, puzzle, coloriage, formes, chiffres, lettres, jeux, amusant, préscolaire, jardin d'enfants","Kleinkind, Kinder, Baby, Lernen, Pädagogisch, Puzzle, Malen, Formen, Zahlen, Buchstaben, Spiele, Spaß, Vorschule, Kindergarten","νήπιο, παιδιά, μωρά, μάθηση, εκπαιδευτικό, παζλ, χρωματισμός, σχήματα, αριθμοί, γράμματα, παιχνίδια, διασκέδαση, προσχολική ηλικία, νηπιαγωγείο","פעוט, ילדים, תינוק, למידה, חינוכי, פאזל, צביעה, צורות, מספרים, אותיות, משחקים, כיף, גן ילדים, גן ילדים","बच्चा, बच्चे, शिशु, सीखना, शैक्षिक, पहेली, रंग, आकृतियाँ, संख्याएँ, अक्षर, खेल, मज़ा, प्रीस्कूल, किंडरगार्टन","kisgyermek, gyerekek, gyermekek, baba, tanulás, oktatási, kirakós, színezés, formák, számok, betűk, játékok, szórakozás, óvoda, óvoda","balita, anak-anak, bayi, belajar, edukatif, teka-teki, mewarnai, bentuk, angka, huruf, permainan, menyenangkan, prasekolah, taman kanak-kanak","bambino piccolo,bambini,bambini,neonato,apprendimento,educativo,puzzle,colorare,forme,numeri,lettere,giochi,divertimento,scuola materna,asilo",幼児、子供、子ども、赤ちゃん、学習、教育、パズル、塗り絵、形、数字、文字、ゲーム、楽しい、幼稚園、保育園,"유아, 어린이, 아동, 아기, 학습, 교육, 퍼즐, 색칠, 도형, 숫자, 글자, 게임, 재미, 미취학, 유치원","mazulis, bērni, bērni, mazulis, mācīšanās, izglītojoša, puzle, krāsošana, formas, cipari, burti, spēles, jautrība, pirmsskola, bērnudārzs","mažylis, vaikai, kūdikis, mokymasis, edukacinis, dėlionė, spalvinimas, formos, skaičiai, raidės, žaidimai, linksmybės, ikimokyklinis, darželis","kanak-kanak kecil, kanak-kanak, kanak-kanak, bayi, pembelajaran, pendidikan, teka-teki, mewarna, bentuk, nombor, huruf, permainan, keseronokan, prasekolah, tadika","småbarn, barn, baby, læring, pedagogisk, puslespill, fargelegging, former, tall, bokstaver, spill, moro, førskole, barnehage","maluch, dzieci, niemowlę, nauka, edukacja, puzzle, kolorowanie, kształty, liczby, litery, gry, zabawa, przedszkole, przedszkole","criança pequena, crianças, bebê, aprendizagem, educacional, quebra-cabeça, colorir, formas, números, letras, jogos, diversão, pré-escola, jardim de infância","copil mic, copii, bebeluși, învățare, educațional, puzzle, colorat, forme, numere, litere, jocuri, distracție, preșcolar, grădiniță","мало дете, деца, беба, учење, образовни, слагалица, бојење, облици, бројеви, слова, игре, забава, предшколско, вртић",幼儿、儿童、婴儿、学习、教育、拼图、着色、形状、数字、字母、游戏、乐趣、学龄前、幼儿园,"batoľa, deti, deti, bábätko, učenie, vzdelávacie, puzzle, vyfarbovanie, tvary, čísla, písmená, hry, zábava, predškolská výchova, materská škola","malček, otroci, dojenček, učenje, izobraževalno, sestavljanka, barvanje, oblike, številke, črke, igre, zabava, predšolska vzgoja, vrtec","Niño pequeño, niños, bebé, aprendizaje, educativo, rompecabezas, colorear, formas, números, letras, juegos, diversión, preescolar, jardín de infancia","småbarn, barn, bebis, lärande, pedagogiskt, pussel, färgläggning, former, siffror, bokstäver, spel, kul, förskola, dagis","paslit,bata,bata,sanggol,pag-aaral,edukasyon,palaisipan,pangkulay,mga hugis,numero,titik,laro,katuwaan,preschool,kindergarten","เด็กวัยเตาะแตะ, เด็ก ๆ, เด็กๆ, ทารก, การเรียนรู้, การศึกษา, ปริศนา, การระบายสี, รูปทรง, ตัวเลข, ตัวอักษร, เกม, ความสนุกสนาน, ก่อนวัยเรียน, โรงเรียนอนุบาล","yürümeye başlayan çocuk,çocuklar,bebek,öğrenme,eğitici,bulmaca,boyama,şekiller,sayılar,harfler,oyunlar,eğlence,okul öncesi,anaokulu","малюк, діти, дитина, навчання, освітній, головоломка, розмальовка, фігури, цифри, літери, ігри, веселощі, дошкільний заклад, дитячий садок","trẻ mới biết đi, trẻ em, trẻ em, em bé, học tập, giáo dục, câu đố, tô màu, hình dạng, số, chữ cái, trò chơi, vui nhộn, mẫu giáo, mẫu giáo"
description,"Лалафaндын сыйкырдуу дүйнөсүнө кош келиңиз!
Lalafun 1,5 жаштан 4 жашка чейинки кызыккан кичинекей изилдөөчүлөр үчүн коопсуз жана түстүү колдонмо. Бул дүйнө жүзү боюнча миллиондогон үй-бүлөлөр ишенген мини-оюндардын, интерактивдүү боёк баракчалардын жана кызыктуу билим берүүчү видеолордун бай топтому менен эрте үйрөнүүнү кызыктуу тажрыйбага айлантат.
Lalafun толугу менен жарнамасыз чөйрөдө логиканы, майда моторикасын, чыгармачылыгын жана эс тутумун өнүктүрө турган кичинекей балдар жана мектепке чейинки балдар үчүн идеалдуу. Негизги өзгөчөлүктөрү
45тен ашык кызыктуу билим берүүчү оюндар жана видеолор — өсүп келе жаткан акыл үчүн чексиз укмуштуу окуялар!
Farm Animal World: Ферма оркестрине кошулуп, ""Ким кайда жашайт?"" пазлдарды жана уйлар, тооктор, койлор жана башкалар менен ойноңуз!
Суу астындагы дүйнө: акулалар, крабдар жана деңиз жылдыздары сыяктуу достук деңиз жандыктары менен көбүкчөлөр, суу астындагы оркестрлер жана жашынмачтар дүйнөсүнө сүңгүңүз. Кызыктуу тамак жасоо: коопсуз жана кызыктуу ашканада торт бышырып, пицца жаса, даамдуу бургерлерди чогултуп, кыялданган тамактарды жаса!
Балдар үчүн оюндар: ""Түстүү поезд"" (автомобильдерди сорттоо жана сүйрөө), ""Автоунаа куруучу"" (автоунааларды куруу жана боёо) жана ""Унаа жуугуч"" (жүк ташуучу унааларды, өрт өчүрүүчү унааларды жана полиция унааларын жууп, кооздоо) ойноңуз.
Кыздар үчүн оюндар: ханбийкеге ""Princess Dress Up"" оюнун жаңыртыңыз, анын чачтарын жана макияжын сулуулук салонунда жасатыңыз жана падышанын бөлмөсүн тазалоо менен сорттоого үйрөнүңүз — көйнөктөрдү, китептерди жана оюнчуктарды түсү жана формасы боюнча иреттеңиз! Ар бир адам үчүн боёо баракчалары: 21 уникалдуу боёчу барактар. Балдар үчүн: T-Rex, монстр жүк ташуучу унаа, полиция унаасы, робот, акула, арстан. Кыздар үчүн: периси, бир мүйүздүү, пери, көйнөктөр, мышыктар, гүлдөр. Мындан тышкары: ит, уй, балмуздак, үй жана хамелеон сыяктуу кызыктуу жалпы темалар.
Видео бөлүмү: Лалафундун эң популярдуу билим берүүчү видеолорун жана бала бакча рифмаларын каалаган убакта көрүңүз.

Эмне үчүн ата-энелер Лалафунду жакшы көрүшөт?
Балдарды эрте өнүктүрүү боюнча эксперттер тарабынан иштелип чыккан кесипкөй, жаш курагына ылайыктуу мазмун.
Көз карандысыз оюн үчүн чоң баскычтар жана жөнөкөй жаңсоолор менен балдарга ыңгайлуу интерфейс.  39 тилде жеткиликтүү жана дүйнө жүзү боюнча үй-бүлөлөр тарабынан жакшы көрүлгөн.

Оффлайн режиминде иштейт - саякатка же каалаган жерде ойноого эң сонун!

Логиканы, майда моторикасын, алгачкы чыгармачылык жөндөмүн, жаныбарларды сүйүүнү өнүктүрөт.

Жаңы мазмун үзгүлтүксүз кошулуп турат – жаңы оюндар, боечу барактар ​​жана видеолор!

Толугу менен жарнамасыз – коопсуз, ишенимдүү тажрыйба.  Ийкемдүү ай сайын же жылдык жазылуу менен толук мүмкүнчүлүк — каалаган убакта жокко чыгарыңыз. Эмне үчүн үй-бүлөлөр Лалафанга ишенишет?
Lalafun жөн гана колдонмо эмес. Бул сиздин кичинекей окуучуңуз үчүн ишенимдүү дос.
Балдар үчүн кызыктуу жана коопсуз контентти түзүү боюнча 8 жылдан ашык тажрыйбасы менен Lalafun миллиондогон балдарга жылмаюу тартуулады. Биздин YouTube каналыбыз ""Lalafun – Nursery Rhymes"" миллиарддаган көрүүлөргө жана 33 миллиондон ашык жазылуучуларга ээ!
Балдар оюн аркылуу мыкты үйрөнөт деп ишенебиз, андыктан ар бир оюн чыныгы кичинекей балдарда сыналат жана ата-энелер тарабынан жакшы көрүлөт. Жүктөп алып, бүгүн ойноңуз.
Балаңыз сыйкырдуу дүйнөдө өсүп, элестетип, жылмайсын.   Азыр жүктөп алып, 1,5 жаштан 4 жашка чейинки балдар үчүн коопсуз, билим берүүчү кызыктуу сааттарга мүмкүнчүлүк алыңыз.
Lalafun — Үйрөнүү. Play. Жылмай! ","Welcome to the Magical World of Lalafun! early learning into joyful play with a rich mix of mini-games, interactive coloring, and fun educational videos trusted by millions of families worldwide.
Perfect for toddlers and preschoolers, Lalafun helps build logic, fine motor skills, creativity, and memory — all in a 100% ad-free space.   
Lalafun is a safe, colorful app for curious little explorers aged 1.5–4 years. It turns. Key Features
45+ fun learning games & videos — endless adventures for growing minds!
 Farm Animals World: Join the Farmer’s Orchestra, solve “Who Lives Where?” puzzles, and play with cows, chickens, sheep, and more!
 Underwater World: Dive into Bubble Popping Adventure, Underwater Orchestra, and Hide & Seek with friendly sea animals like sharks, crabs, and starfish.
 Cooking Fun: Bake cakes, make pizza, build tasty burgers, and create pretend meals in a safe, playful kitchen!
 Games for Boys: Play Colorful Train (sort and drag vehicles), Car Builder (assemble and paint cars), and Car Wash (wash and decorate trucks, fire engines, and police cars).
 Games for Girls: Transform princess in Princess Dressing game, style hair and makeup in Beauty Salon, and learn sorting while cleaning a royal room — arrange dresses, books, and toys by color and shape!
 Coloring for Everyone: 21 unique coloring pages —    For boys: T-Rex, Monster Truck, Police Car, Robot, Shark, Lion
For girls: Mermaid, Unicorn, Fairy, Dresses, Kittens, Flowers
Plus: fun common themes like Dog, Cow, Ice Cream, House, and Chameleon
 Videos Section: Watch Lalafun’s most popular educational videos and nursery rhymes anytime.
 Why Parents Love Lalafun
Professional, age-appropriate content developed by early childhood experts.
Kid-friendly interface with big buttons and simple gestures for independent play.
Available in 39 languages and loved by families worldwide.
Works offline — perfect for travel or playtime anywhere!
Promotes logic, fine motor skills, early creativity, and a love for animals.
Fresh content added regularly — new games, coloring pages, and videos!
100% ad-free — safe screen time you can trust.
Full access with flexible monthly or annual subscription — cancel anytime.
 Why Families Trust Lalafun  Lalafun is more than an app — it’s a trusted friend for your little learner.
 With 8+ years of experience creating joyful, safe content for toddlers, Lalafun has made millions of kids smile. Our YouTube channel, “Lalafun – Nursery Rhymes”, has billions of views and over 33 million happy subscribers!
We believe kids learn best through play — that’s why every game is tested with real toddlers and loved by parents.
 Download & Play Today
Let your child grow, imagine, and smile in Lalafun’s magical world — anytime, anywhere!
 Download now and unlock hours of safe, educational fun for ages 1.5–4.
 Lalafun — Learn. Play. Smile!

","Добро пожаловать в волшебный мир Lalafun!
Lalafun — это безопасное и красочное приложение для любознательных маленьких исследователей в возрасте от 1,5 до 4 лет. Оно превращает раннее обучение в увлекательную игру благодаря богатому набору мини-игр, интерактивных раскрасок и увлекательных обучающих видеороликов, которым доверяют миллионы семей по всему миру.
Lalafun идеально подходит для малышей и дошкольников, развивая логику, мелкую моторику, творческие способности и память — и всё это в полностью свободном от рекламы пространстве.                   Основные характеристики
Более 45 увлекательных обучающих игр и видео — бесконечные приключения для растущего ума!
Мир животных на ферме: присоединяйтесь к фермерскому оркестру, решайте головоломки «Кто где живёт?» и играйте с коровами, курами, овцами и другими!
Подводный мир: окунитесь в мир лопания пузырей, подводного оркестра и пряток с дружелюбными морскими обитателями, такими как акулы, крабы и морские звёзды.
Кулинарное веселье: пеките торты, готовьте пиццу, собирайте вкусные бургеры и создавайте воображаемые блюда на безопасной и увлекательной кухне!
Игры для мальчиков: сыграйте в «Цветной поезд» (сортируйте и перетаскивайте машинки), «Строитель машин» (собирайте и красьте машинки) и «Автомойку» (мойте и украшайте грузовики, пожарные и полицейские машины).
Игры для девочек: преобразите принцессу в игре «Одевалка принцессы», сделайте причёску и макияж в салоне красоты и научитесь сортировать, убираясь в королевской комнате — раскладывайте платья, книги и игрушки по цвету и форме!
Раскраски для всех: 21 уникальная раскраска —Для мальчиков: тираннозавр, монстр-трак, полицейская машина, робот, акула, лев. Для девочек: русалка, единорог, фея, платья, котята, цветы. Плюс: забавные общие темы, такие как собака, корова, мороженое, дом и хамелеон.
Раздел видео: смотрите самые популярные обучающие видео и детские стишки Lalafun в любое время.

Почему родители любят Lalafun?
Профессиональный, соответствующий возрасту контент, разработанный специалистами по раннему развитию детей.
Дружественный к детям интерфейс с большими кнопками и простыми жестами для самостоятельной игры.

Доступно на 39 языках и любимо семьями по всему миру.

Работает офлайн — идеально для путешествий или игр в любом месте!

Развивает логику, мелкую моторику, раннее творчество и любовь к животным.

Регулярно добавляется новый контент — новые игры, раскраски и видео!

Полное отсутствие рекламы — безопасное времяпрепровождение, которому вы можете доверять.

Полный доступ с гибкой ежемесячной или годовой подпиской — отмените в любой момент. Почему семьи доверяют Lalafun?
Lalafun — это больше, чем просто приложение. Это надёжный друг для вашего маленького ученика.
Более 8 лет опыта создания весёлого и безопасного контента для малышей помогли Lalafun подарить улыбки миллионам детей. Наш канал на YouTube «Lalafun – Nursery Rhymes» имеет миллиарды просмотров и более 33 миллионов довольных подписчиков!
Мы верим, что дети лучше всего учатся через игру, поэтому каждая игра тестируется на настоящих малышах и нравится родителям.  Скачайте и играйте уже сегодня
Пусть ваш ребёнок растёт, фантазирует и улыбается в волшебном мире Lalafun — где и когда угодно!
Скачайте сейчас и получите доступ к часам безопасного развивающего веселья для детей от 1,5 до 4 лет.
Lalafun — Учись. Играй. Улыбайся!","الميزات الرئيسية

أكثر من ٤٥ لعبة وفيديو تعليمي ممتع - مغامرات لا تنتهي للعقول النامية!

عالم حيوانات المزرعة: انضم إلى أوركسترا المزارع، وحل ألغاز ""من يعيش أين؟""، والعب مع الأبقار والدجاج والأغنام، وغيرها الكثير!

عالم ما تحت الماء: انغمس في مغامرة فرقعة الفقاعات، وأوركسترا ما تحت الماء، ولعبة الغميضة مع حيوانات بحرية ودودة مثل أسماك القرش وسرطان البحر ونجم البحر.

متعة الطبخ: اخبز الكعك، وحضّر البيتزا، وحضّر البرغر اللذيذ، وحضّر وجبات خيالية في مطبخ آمن وممتع!

ألعاب للأولاد: العب لعبة القطار الملون (فرز وسحب المركبات)، ولعبة بناء السيارات (تجميع ورسم السيارات)، ولعبة غسل السيارات (غسل وتزيين الشاحنات وسيارات الإطفاء وسيارات الشرطة).

ألعاب للبنات: حوّل الأميرة في لعبة تلبيس الأميرة، وصفف الشعر والمكياج في صالون التجميل، وتعلم الفرز أثناء تنظيف غرفة ملكية - رتّب الفساتين والكتب والألعاب حسب اللون والشكل!

تلوين للجميع: ٢١ صفحة تلوين فريدة - للأولاد: تي ريكس، شاحنة الوحش، سيارة الشرطة، الروبوت، القرش، الأسد

للبنات: حورية البحر، وحيد القرن، الجنية، الفساتين، القطط الصغيرة، الزهور

بالإضافة إلى: مواضيع شائعة ممتعة مثل الكلب، البقرة، الآيس كريم، المنزل، والحرباء

قسم الفيديوهات: شاهد أشهر فيديوهات لالافن التعليمية وأغاني الأطفال في أي وقت.

لماذا يحب الآباء لالافن؟

محتوى احترافي ومناسب للأعمار، طوره خبراء في مرحلة الطفولة المبكرة.

واجهة سهلة الاستخدام للأطفال بأزرار كبيرة وإيماءات بسيطة للعب المستقل.

متوفر بـ 39 لغة، وهو محبوب من قبل العائلات حول العالم.

يعمل دون اتصال بالإنترنت - مثالي للسفر أو اللعب في أي مكان!

يعزز المنطق، والمهارات الحركية الدقيقة، والإبداع المبكر، وحب الحيوانات.

محتوى جديد يُضاف بانتظام - ألعاب، وصفحات تلوين، وفيديوهات جديدة!

خالٍ من الإعلانات بنسبة 100% - وقت شاشة آمن يمكنك الوثوق به.

وصول كامل مع اشتراك شهري أو سنوي مرن - يمكنك الإلغاء في أي وقت.
لماذا تثق العائلات بـ لالافن؟
لالافن أكثر من مجرد تطبيق، إنه صديقٌ موثوقٌ لطفلك الصغير.

بخبرة تزيد عن 8 سنوات في إنشاء محتوى ممتع وآمن للأطفال الصغار، نجح لالافن في رسم البسمة على وجوه ملايين الأطفال. قناتنا على يوتيوب، ""لالافن - أغاني الأطفال""، تحظى بمليارات المشاهدات وأكثر من 33 مليون مشترك سعيد!

نؤمن بأن الأطفال يتعلمون بشكل أفضل من خلال اللعب، ولذلك تُختبر كل لعبة مع أطفال حقيقيين، ويحبها الآباء.حمّل والعب اليوم
دع طفلك ينمو، ويتخيل، ويبتسم في عالم لالافن الساحر - في أي وقت، وفي أي مكان!
حمّل الآن واكتشف ساعات من المرح التعليمي الآمن للأعمار من سنة ونصف إلى أربع سنوات.
لالافن - تعلّم. العب. ابتسم! أهلاً بكم في عالم لالافن الساحر!
لالافن تطبيق آمن وملون للأطفال الصغار الفضوليين الذين تتراوح أعمارهم بين سنة ونصف وأربع سنوات. يُحوّل التعلم المبكر إلى لعب ممتع بمزيج غني من الألعاب الصغيرة والتلوين التفاعلي ومقاطع الفيديو التعليمية الممتعة، وهو تطبيق موثوق به من ملايين العائلات حول العالم.

لالافن مثالي للأطفال الصغار ومرحلة ما قبل المدرسة، حيث يُساعد على تنمية مهارات المنطق والمهارات الحركية الدقيقة والإبداع والذاكرة - كل ذلك في مساحة خالية تماماً من الإعلانات.","Добре дошли в магическия свят на Lalafun!
Lalafun е безопасно и цветно приложение за любопитни малки изследователи на възраст от 1,5 до 4 години. То превръща ранното учене в радостна игра с богата комбинация от мини игри, интерактивно оцветяване и забавни образователни видеоклипове, на които се доверяват милиони семейства по целия свят.
Идеален за малки деца и деца в предучилищна възраст, Lalafun помага за развитието на логика, фина моторика, креативност и памет – всичко това в пространство, 100% без реклами.                                                                              Основни характеристики
45+ забавни образователни игри и видеоклипове — безкрайни приключения за развиващи се умове!
Светът на селскостопанските животни: Присъединете се към Оркестъра на фермера, решавайте пъзели „Кой къде живее?“ и играйте с крави, пилета, овце и други!
Подводен свят: Потопете се в приключение с пукане на балони, подводен оркестър и криеница с приятелски настроени морски животни като акули, раци и морски звезди.
Забавно готвене: Печете торти, правете пица, строете вкусни бургери и създавайте въображаеми ястия в безопасна, игрива кухня!
Игри за момчета: Играйте Цветен влак (сортирайте и влачете превозни средства), Конструктор на коли (сглобявайте и боядисвайте коли) и Автомивка (мийте и декорирайте камиони, пожарни коли и полицейски коли).
Игри за момичета: Трансформирайте принцеса в играта „Обличане на принцеси“, оформете прическа и грим в Салон за красота и се научете да сортирате, докато почиствате кралска стая — подредете рокли, книги и играчки по цвят и форма!
Оцветяване за всеки: 21 уникални страници за оцветяване — За момчета: T-Rex, Monster Truck, Полицейска кола, Робот, Акула, Лъв
За момичета: Русалка, Еднорог, Фея, Рокли, Котенца, Цветя
Плюс: забавни често срещани теми като Куче, Крава, Сладолед, Къща и Хамелеон
Секция с видеоклипове: Гледайте най-популярните образователни видеоклипове и детски песнички на Lalafun по всяко време.

Защо родителите обичат Lalafun
Професионално, подходящо за възрастта съдържание, разработено от експерти по ранно детство.
Детски интерфейс с големи бутони и прости жестове за самостоятелна игра.
Предлага се на 39 езика и е обичан от семейства по целия свят.
Работи офлайн - идеално за пътуване или игра навсякъде!
Насърчава логиката, фината моторика, ранната креативност и любовта към животните.
Редовно се добавя ново съдържание - нови игри, страници за оцветяване и видеоклипове!
100% без реклами - безопасно време пред екрана, на което можете да се доверите.
Пълен достъп с гъвкав месечен или годишен абонамент - анулирайте по всяко време.
Защо семействата се доверяват на Lalafun
Lalafun е повече от приложение - това е доверен приятел за вашия малък ученик.
С над 8 години опит в създаването на радостно и безопасно съдържание за малки деца, Lalafun е накарала милиони деца да се усмихнат. Нашият YouTube канал „Lalafun – Детски песнички“ има милиарди гледания и над 33 милиона доволни абонати!
Вярваме, че децата учат най-добре чрез игра – ето защо всяка игра е тествана с истински малки деца и е обичана от родителите.  Изтеглете и играйте днес
Нека детето ви расте, да си представя и да се усмихва в магическия свят на Lalafun — по всяко време и навсякъде!
Изтеглете сега и отключете часове безопасно и образователно забавление за деца от 1,5 до 4 години.
Lalafun — Учи се. Играй. Усмихвай се!"," Benvinguts al món màgic de Lalafun!
Lalafun és una aplicació segura i plena de color per a petits exploradors curiosos d'entre 1,5 i 4 anys. Transforma l'aprenentatge primerenc en un joc alegre amb una rica barreja de minijocs, coloració interactiva i divertits vídeos educatius en què confien milions de famílies a tot el món.
Perfecta per a nens petits i preescolars, Lalafun ajuda a desenvolupar la lògica, la motricitat fina, la creativitat i la memòria, tot en un espai 100% lliure d'anuncis.                                                                                                          Característiques principals
Més de 45 jocs i vídeos d'aprenentatge divertits: aventures infinites per a ments en desenvolupament!
Món dels animals de granja: uneix-te a l'Orquestra dels grangers, resol trencaclosques de ""Qui viu on?"" i juga amb vaques, gallines, ovelles i molt més!
Món submarí: submergeix-te en l'aventura de fer esclatar bombolles, l'Orquestra submarí i el joc de l'amagatall amb animals marins simpàtics com taurons, crancs i estrelles de mar.
Diversió a la cuina: cou pastissos, fes pizza, construeix hamburgueses saboroses i crea àpats ficticis en una cuina segura i lúdica!
Jocs per a nens: juga al Tren de colors (classifica i arrossega vehicles), al Constructor de cotxes (munta i pinta cotxes) i al Rentat de cotxes (renta i decora camions, camions de bombers i cotxes de policia).
Jocs per a noies: transforma una princesa en un joc de vestir de princesa, pentina't i maquilla't al Saló de bellesa i aprèn a classificar mentre neteges una habitació reial: ordena vestits, llibres i joguines per color i forma!
Pintura per a tothom: 21 pàgines per pintar úniques: Per a nens: T-Rex, Monster Truck, Cotxe de policia, Robot, Tauró, Lleó
Per a nenes: Sirena, Unicorn, Fada, Vestits, Gatets, Flors
A més: temes comuns divertits com Gos, Vaca, Gelat, Casa i Camaleó
Secció de vídeos: Mireu els vídeos educatius i les cançons infantils més populars de Lalafun en qualsevol moment.

Per què als pares els encanta Lalafun
Contingut professional i adequat per a l'edat desenvolupat per experts en la primera infància.
Interfície infantil amb botons grans i gestos senzills per al joc independent.
Disponible en 39 idiomes i estimat per famílies de tot el món.
Funciona fora de línia: perfecte per viatjar o jugar a qualsevol lloc!
Promou la lògica, la motricitat fina, la creativitat primerenca i l'amor pels animals.
Contingut nou afegit regularment: nous jocs, pàgines per pintar i vídeos!
100% sense anuncis: temps de pantalla segur en què podeu confiar.
Accés complet amb subscripció mensual o anual flexible: cancel·leu-la en qualsevol moment.
Per què les famílies confien en Lalafun
Lalafun és més que una aplicació: és un amic de confiança per al vostre petit aprenent.
Amb més de 8 anys d'experiència creant contingut alegre i segur per a nens petits, Lalafun ha fet somriure milions de nens. El nostre canal de YouTube, ""Lalafun - Cançons de bressol"", té milers de milions de visualitzacions i més de 33 milions de subscriptors satisfets!
Creiem que els nens aprenen millor jugant; per això, cada joc es prova amb nens petits reals i els pares l'estimen.  Baixa'l i juga avui mateix
Deixa que el teu fill creixi, imagini i somrigui al món màgic de Lalafun, en qualsevol moment i en qualsevol lloc!
Baixa'l ara i desbloqueja hores de diversió segura i educativa per a nens d'1,5 a 4 anys.
Lalafun: aprèn. Juga. Somriu!","Dobrodošli u čarobni svijet Lalafuna!
Lalafun je sigurna, šarena aplikacija za znatiželjne male istraživače u dobi od 1,5 do 4 godine. Rano učenje pretvara u radosnu igru ​​s bogatom mješavinom mini-igara, interaktivnih bojanki i zabavnih edukativnih videa kojima vjeruju milijuni obitelji diljem svijeta.
Savršen za malu djecu i predškolce, Lalafun pomaže u razvoju logike, fine motorike, kreativnosti i pamćenja - sve u prostoru 100% bez reklama.                               Ključne značajke
45+ zabavnih edukativnih igara i videa — beskrajne avanture za umove u razvoju!
Svijet domaćih životinja: Pridružite se Farmerovom orkestru, rješavajte zagonetke „Tko gdje živi?“ i igrajte se s kravama, kokošima, ovcama i još mnogo toga!
Podvodni svijet: Zaronite u avanturu pucanja mjehurića, podvodni orkestar i igru ​​skrivača s prijateljskim morskim životinjama poput morskih pasa, rakova i morskih zvijezda.
Zabava kuhanja: Pecite kolače, pravite pizzu, gradite ukusne hamburgere i stvarajte lažne obroke u sigurnoj, razigranoj kuhinji!
Igre za dječake: Igrajte Šareni vlak (sortirajte i vucite vozila), Graditelj automobila (sastavljajte i bojajte automobile) i Praonica automobila (perite i ukrašavajte kamione, vatrogasna vozila i policijske automobile).
Igre za djevojčice: Transformirajte princezu u igri Odijevanja princeza, stilizirajte kosu i šminkajte se u Salonu ljepote i naučite sortirati dok čistite kraljevsku sobu — složite haljine, knjige i igračke po boji i obliku!
Bojanje za svakoga: 21 jedinstvena stranica za bojanje — Za dječake: T-Rex, Monster Truck, Policijski auto, Robot, Morski pas, Lav
Za djevojčice: Sirena, Jednorog, Vila, Haljine, Mačići, Cvijeće
Plus: zabavne uobičajene teme poput psa, krave, sladoleda, kuće i kameleona
Odjeljak s videozapisima: Gledajte najpopularnije edukativne videozapise i dječje pjesmice Lalafuna bilo kada.

Zašto roditelji vole Lalafun
Profesionalan, dobno prilagođen sadržaj koji su razvili stručnjaci za rano djetinjstvo.
Sučelje prilagođeno djeci s velikim gumbima i jednostavnim gestama za samostalnu igru.
Dostupno na 39 jezika i voljeno od strane obitelji diljem svijeta.
Radi izvan mreže - savršeno za putovanja ili igru ​​bilo gdje!
Potiče logiku, finu motoriku, ranu kreativnost i ljubav prema životinjama.
Redovito se dodaje novi sadržaj - nove igre, stranice za bojanje i videozapisi! 100% bez oglasa - sigurno vrijeme provedeno pred ekranom kojem možete vjerovati.
Potpuni pristup s fleksibilnom mjesečnom ili godišnjom pretplatom - otkažite bilo kada.
Zašto obitelji vjeruju Lalafunu
Lalafun je više od aplikacije - to je pouzdan prijatelj za vašeg malog učenika.
S više od 8 godina iskustva u stvaranju radosnog i sigurnog sadržaja za mališane, Lalafun je izmamio osmijehe milijunima djece. Naš YouTube kanal „Lalafun – dječije pjesmice“ ima milijarde pregleda i preko 33 milijuna zadovoljnih pretplatnika!
Vjerujemo da djeca najbolje uče kroz igru ​​- zato je svaka igra testirana sa stvarnom djecom i voljena od strane roditelja.  Preuzmite i igrajte već danas
Neka vaše dijete raste, mašta i smije se u Lalafunovom čarobnom svijetu — bilo kada i bilo gdje!
Preuzmite odmah i otključajte sate sigurne, edukativne zabave za djecu od 1,5 do 4 godine.
Lalafun — Učite. Igrajte se. Smijte se!","Vítejte v kouzelném světě Lalafunu!
Lalafun je bezpečná a barevná aplikace pro zvídavé malé průzkumníky ve věku 1,5–4 let. Díky bohaté kombinaci miniher, interaktivních omalovánek a zábavných vzdělávacích videí, kterým důvěřují miliony rodin po celém světě, promění rané učení v radostnou hru.
Lalafun je ideální pro batolata a předškoláky a pomáhá rozvíjet logiku, jemnou motoriku, kreativitu a paměť – to vše ve 100% bez reklam. Klíčové vlastnosti
45+ zábavných vzdělávacích her a videí – nekonečná dobrodružství pro rostoucí mysli!
Svět hospodářských zvířat: Přidejte se k farmářskému orchestru, luštěte hádanky „Kdo kde bydlí?“ a hrajte si s krávami, slepicemi, ovcemi a dalšími!
Podvodní svět: Ponořte se do dobrodružství s praskáním bublin, podvodního orchestru a hry na schovávanou s přátelskými mořskými živočichy, jako jsou žraloci, krabi a hvězdice.
Zábava s vařením: Pečte dorty, připravujte pizzu, stavte chutné hamburgery a vytvářejte falešná jídla v bezpečné a hravé kuchyni!
Hry pro kluky: Hrajte si Barevný vláček (tříďte a tahejte vozidla), Stavějte auta (sestavujte a malujte auta) a Myjte auta (myjte a zdobte nákladní auta, hasičské vozy a policejní auta).
Hry pro dívky: Proměňte princeznu ve hře Oblékání princezen, upravte si vlasy a make-up v salonu krásy a naučte se třídit při úklidu královské komnaty – uspořádejte šaty, knihy a hračky podle barvy a tvaru!
Omalovánky pro každého: 21 unikátních omalovánek —  Pro chlapce: T-Rex, Monster Truck, Policejní auto, Robot, Žralok, Lev
Pro dívky: Mořská panna, Jednorožec, Víla, Šaty, Koťata, Květiny
Navíc: zábavná společná témata jako pes, kráva, zmrzlina, dům a chameleon
Sekce videí: Sledujte nejoblíbenější vzdělávací videa a dětské říkanky od Lalafunu kdykoli.

Proč rodiče milují Lalafun
Profesionální, věkově vhodný obsah vyvinutý odborníky na rané dětství.
Rozhraní přátelské k dětem s velkými tlačítky a jednoduchými gesty pro samostatnou hru.
K dispozici ve 39 jazycích a oblíbené rodinami po celém světě.
Funguje offline – ideální na cesty nebo hraní kdekoli!
Podporuje logiku, jemnou motoriku, ranou kreativitu a lásku ke zvířatům.
Pravidelně přidáván nový obsah – nové hry, omalovánky a videa! 100% bez reklam – bezpečný čas strávený u obrazovky, kterému se můžete spolehnout.
Plný přístup s flexibilním měsíčním nebo ročním předplatným – kdykoli zrušíte.
Proč rodiny důvěřují Lalafunu
Lalafun je víc než jen aplikace – je to důvěryhodný přítel pro vaše malé dítě.
S více než 8 lety zkušeností s tvorbou radostného a bezpečného obsahu pro batolata vykouzlila Lalafun úsměv na tváři milionů dětí. Náš YouTube kanál „Lalafun – Říkanky“ má miliardy zhlédnutí a přes 33 milionů spokojených odběratelů!
Věříme, že se děti nejlépe učí hrou – proto je každá hra testována se skutečnými batolaty a milována rodiči. Stáhněte si a hrajte ještě dnes
Nechte své dítě růst, představovat si a usmívat se v kouzelném světě Lalafunu – kdykoli a kdekoli!
Stáhněte si nyní a odemkněte hodiny bezpečné a vzdělávací zábavy pro děti ve věku 1,5–4 roky.
Lalafun – Učte se. Hrajte si. Usmívejte se!","Velkommen til Lalafuns magiske verden!

Lalafun er en sikker og farverig app til nysgerrige små opdagelsesrejsende i alderen 1,5-4 år. Den forvandler tidlig læring til glædelig leg med en rig blanding af minispil, interaktiv farvelægning og sjove, lærerige videoer, som millioner af familier verden over har tillid til.

Lalafun er perfekt til småbørn og førskolebørn og hjælper med at opbygge logik, finmotorik, kreativitet og hukommelse – alt sammen i et 100 % reklamefrit rum. Nøglefunktioner
45+ sjove, læringsspil og videoer — uendelige eventyr for voksende sind!
Farm Animals World: Deltag i Farmer's Orchestra, løs ""Hvem bor hvor?""-gåder, og leg med køer, kyllinger, får og meget mere!
Underwater World: Dyk ned i Bubble Popping Adventure, Underwater Orchestra og Gemmeleg med venlige havdyr som hajer, krabber og søstjerner.
Madlavningssjov: Bag kager, lav pizza, byg lækre burgere og lav fantasifulde måltider i et sikkert og legende køkken!
Spil til drenge: Spil Farverigt Tog (sorter og træk køretøjer), Bilbygger (saml og mal biler) og Bilvask (vask og dekorer lastbiler, brandbiler og politibiler).
Spil til piger: Forvandl prinsesse i Prinsesse-påklædningsspillet, style hår og makeup i skønhedssalonen, og lær sortering, mens du rengør et kongeligt rum — arranger kjoler, bøger og legetøj efter farve og form!
Farvelægning for alle: 21 unikke farvelægningssider — For drenge: T-Rex, Monstertruck, Politibil, Robot, Haj, Løve
For piger: Havfrue, Enhjørning, Fe, Kjoler, Killinger, Blomster
Plus: sjove, almindelige temaer som Hund, Ko, Is, Hus og Kamæleon
Videosektion: Se Lalafuns mest populære uddannelsesvideoer og børnerim når som helst.

Hvorfor forældre elsker Lalafun
Professionelt, alderssvarende indhold udviklet af eksperter i tidlig barndom.
Børnevenlig brugerflade med store knapper og enkle bevægelser til uafhængig leg.
Fås på 39 sprog og elsket af familier verden over.
Fungerer offline - perfekt til rejser eller leg overalt!
Fremmer logik, finmotorik, tidlig kreativitet og en kærlighed til dyr.
Nyt indhold tilføjes regelmæssigt - nye spil, malebøger og videoer!
100% reklamefri - sikker skærmtid, du kan stole på.
Fuld adgang med fleksibelt månedligt eller årligt abonnement - opsig når som helst.
Hvorfor familier stoler på Lalafun
Lalafun er mere end en app - det er en betroet ven for din lille elev.
Med mere end 8 års erfaring med at skabe glædeligt og sikkert indhold til småbørn har Lalafun fået millioner af børn til at smile. Vores YouTube-kanal, ""Lalafun – Børnerim"", har milliarder af visninger og over 33 millioner glade abonnenter!
Vi tror på, at børn lærer bedst gennem leg – derfor er hvert spil testet med rigtige småbørn og elsket af forældre. Download og leg i dag
Lad dit barn vokse, fantasere og smile i Lalafuns magiske verden — når som helst, hvor som helst!
Download nu og lås op for timevis af sikker, lærerig sjov for alderen 1,5-4 år.
Lalafun — Lær. Leg. Smil!","Welkom in de magische wereld van Lalafun!
Lalafun is een veilige, kleurrijke app voor nieuwsgierige kleine ontdekkingsreizigers van 1,5 tot 4 jaar. De app verandert vroeg leren in vrolijk spelen met een rijke mix van minigames, interactieve kleurplaten en leuke educatieve video's, vertrouwd door miljoenen gezinnen wereldwijd.
Lalafun is perfect voor peuters en kleuters en helpt bij het ontwikkelen van logica, fijne motoriek, creativiteit en geheugen – allemaal in een 100% advertentievrije omgeving. Belangrijkste kenmerken
45+ leuke leerzame spellen en video's — eindeloze avonturen voor groeiende geesten!
Boerderijdierenwereld: Sluit je aan bij het Boerenorkest, los ""Wie woont waar?""-puzzels op en speel met koeien, kippen, schapen en meer!
Onderwaterwereld: Duik in Bubble Popping Adventure, Onderwaterorkest en Verstoppertje met vriendelijke zeedieren zoals haaien, krabben en zeesterren.
Kookplezier: Bak taarten, maak pizza's, bouw lekkere hamburgers en maak fantasiemaaltijden in een veilige, speelse keuken!
Spelletjes voor jongens: Speel Kleurrijke Trein (sorteer en sleep voertuigen), Autobouwer (monteer en verf auto's) en Autowasstraat (was en versier vrachtwagens, brandweerwagens en politieauto's).
Spelletjes voor meisjes: Transformeer een prinses in het Prinsessen Aankleedspel, style haar en make-up in Schoonheidssalon en leer sorteren tijdens het schoonmaken van een koninklijke kamer — sorteer jurken, boeken en speelgoed op kleur en vorm!
Kleuren voor iedereen: 21 unieke kleurplaten — Voor jongens: T-Rex, Monstertruck, Politieauto, Robot, Haai, Leeuw
Voor meisjes: Zeemeermin, Eenhoorn, Fee, Jurken, Kittens, Bloemen
Plus: leuke, veelvoorkomende thema's zoals Hond, Koe, IJs, Huis en Kameleon
Video's: Bekijk Lalafuns populairste educatieve video's en kinderliedjes wanneer je maar wilt.

Waarom ouders dol zijn op Lalafun
Professionele, leeftijdsgeschikte content, ontwikkeld door experts op het gebied van jonge kinderen.
Kindvriendelijke interface met grote knoppen en eenvoudige gebaren voor zelfstandig spelen.
Beschikbaar in 39 talen en geliefd bij gezinnen wereldwijd.
Werkt offline — perfect voor op reis of om overal te spelen!
Bevordert logica, fijne motoriek, vroege creativiteit en een liefde voor dieren.
Regelmatig nieuwe content toegevoegd — nieuwe spelletjes, kleurplaten en video's!
100% advertentievrij — veilige schermtijd waarop je kunt vertrouwen.
Volledige toegang met een flexibel maand- of jaarabonnement — op elk moment opzegbaar.
Waarom gezinnen Lalafun vertrouwen
Lalafun is meer dan een app — het is een vertrouwde vriend voor je kleine leerling. Met meer dan 8 jaar ervaring in het creëren van vrolijke, veilige content voor peuters, heeft Lalafun miljoenen kinderen een glimlach bezorgd. Ons YouTube-kanaal, ""Lalafun – Nursery Rhymes"", heeft miljarden views en meer dan 33 miljoen tevreden abonnees!
Wij geloven dat kinderen het beste leren door te spelen. Daarom wordt elk spel getest met echte peuters en is het geliefd bij ouders.  Download & Speel vandaag nog
Laat je kind groeien, fantaseren en lachen in de magische wereld van Lalafun — altijd en overal!
Download nu en ontgrendel urenlang veilig en leerzaam plezier voor kinderen van 1,5 tot 4 jaar.
Lalafun — Leer. Speel. Lach!","Tere tulemast Lalafuni maagilisse maailma!
Lalafun on turvaline ja värvikas rakendus uudishimulikele väikestele maadeavastajatele vanuses 1,5–4 aastat. See muudab varase õppimise rõõmsaks mänguks tänu rikkalikule minimängude, interaktiivsete värvimislehtede ja lõbusate õppevideote valikule, mida usaldavad miljonid pered üle maailma.
Lalafun sobib ideaalselt väikelastele ja eelkooliealistele lastele ning aitab arendada loogikat, peenmotoorikat, loovust ja mälu – kõik see 100% reklaamivabas keskkonnas. Peamised omadused
45+ lõbusat õppemängu ja videot – lõputud seiklused kasvavale meelele!
Taluloomade maailm: Liitu talunike orkestriga, lahenda mõistatusi „Kes kus elab?“ ja mängi lehmade, kanade, lammaste ja teistega!
Veealune maailm: Sukeldu mullide plahvatusseiklusesse, veealusesse orkestrisse ja peitusemängu koos sõbralike mereloomadega nagu haid, krabid ja meritähed.
Lõbus kokkamine: Küpseta kooke, tee pitsat, ehita maitsvaid burgereid ja loo mängulisi toite turvalises ja mängulises köögis!
Poiste mängud: Mängi värvilist rongi (sorteeri ja lohista sõidukeid), autoehitajat (pane kokku ja värvi autosid) ja autopesulat (pese ja kaunista veoautosid, tuletõrjeautosid ja politseiautosid).
Tüdrukute mängud: Muuda printsessi printsessi riietumismängus, säti soengut ja meiki ilusalongis ning õpi sorteerima kuninglikku tuba koristades – sorteeri kleite, raamatuid ja mänguasju värvi ja kuju järgi!
Värvimine kõigile: 21 ainulaadset värvimislehte – Poistele: T-Rex, Koletisauto, Politseiauto, Robot, Hai, Lõvi
Tüdrukutele: Merineitsi, Ükssarvik, Haldjas, Kleidid, Kassipojad, Lilled
Lisaks: lõbusad ühised teemad nagu Koer, Lehm, Jäätis, Maja ja Kameeleon
Videote sektsioon: Vaadake Lalafuni populaarseimaid õppevideoid ja lastelaule igal ajal.

Miks vanemad armastavad Lalafuni
Professionaalne ja vanusele sobiv sisu, mille on loonud varase lapsepõlve eksperdid.
Lapsesõbralik liides suurte nuppude ja lihtsate žestidega iseseisvaks mängimiseks.
Saadaval 39 keeles ja armastatud perede seas üle maailma.
Töötab võrguühenduseta – ideaalne reisimiseks või mänguajaks kõikjal!
Edendab loogikat, peenmotoorikat, varajast loovust ja armastust loomade vastu.
Regulaarselt lisatakse värsket sisu – uued mängud, värvimislehed ja videod!
100% reklaamivaba – turvaline ekraaniaeg, mida saate usaldada.
Täielik juurdepääs paindliku kuu- või aastatellimusega – tühistage igal ajal.
Miks pered usaldavad Lalafuni
Lalafun on enamat kui rakendus – see on usaldusväärne sõber teie väikesele õppijale.
Lalafunil on üle 8 aasta kogemust rõõmsa ja turvalise sisu loomisel väikelastele ning ta on pannud miljoneid lapsi naeratama. Meie YouTube'i kanalil „Lalafun – Nursery Rhymes” on miljardeid vaatamisi ja üle 33 miljoni rahuloleva tellija!
Usume, et lapsed õpivad kõige paremini mängu kaudu – seepärast testitakse iga mängu päris väikelastega ja vanemad armastavad seda.  Laadi alla ja mängi juba täna
Lase oma lapsel Lalafuni võlumaailmas kasvada, ette kujutada ja naeratada – igal ajal ja igal pool!
Laadi kohe alla ja ava tundide viisi turvalist ja harivat lõbu 1,5–4-aastastele lastele.
Lalafun – õpi. mängi. naerata!","Tervetuloa Lalafunin taianomaiseen maailmaan!
Lalafun on turvallinen ja värikäs sovellus uteliaille 1,5–4-vuotiaille pienille tutkimusmatkailijoille. Se muuttaa varhaisen oppimisen iloiseksi leikiksi monipuolisella minipelien, interaktiivisten värityskuvien ja hauskojen opetusvideoiden yhdistelmällä, joihin miljoonat perheet ympäri maailmaa luottavat.

Täydellinen taaperoille ja esikoululaisille, Lalafun auttaa kehittämään logiikkaa, hienomotorisia taitoja, luovuutta ja muistia – kaikki täysin mainoksettomassa tilassa. Tärkeimmät ominaisuudet
Yli 45 hauskaa oppimispeliä ja -videota – loputtomia seikkailuja kehittyville mielille!
Farm Animals World: Liity maanviljelijöiden orkesteriin, ratkaise ”Kuka asuu missä?” -pulmia ja leiki lehmien, kanojen, lampaiden ja muiden kanssa!
Underwater World: Sukella kuplien poksahdusseikkailuun, vedenalaiseen orkesteriin ja piilosleikkiin ystävällisten merieläinten, kuten haiden, rapujen ja meritähtien, kanssa.
Ruoanlaittohauskaa: Leivo kakkuja, tee pizzaa, rakenna herkullisia hampurilaisia ​​ja luo leikkiaterioita turvallisessa ja leikkisässä keittiössä!
Pelit pojille: Leiki värikästä junaa (lajittele ja vedä ajoneuvoja), autonrakentajaa (kokoa ja maalaa autoja) ja autonpesua (pese ja koristele kuorma-autoja, paloautoja ja poliisiautoja).
Pelit tytöille: Muunna prinsessa prinsessapukeutumispelissä, muotoile hiukset ja meikki kauneushoitolassa ja opi lajittelua siivoamalla kuninkaallista huonetta – järjestele mekkoja, kirjoja ja leluja värin ja muodon mukaan!
Värityskirja kaikille: 21 ainutlaatuista värityskirjaa – Pojille: T-Rex, Monsteriauto, Poliisiauto, Robotti, Hai, Leijona
Tytöille: Merenneito, Yksisarvinen, Keiju, Mekot, Kissanpennut, Kukat
Lisäksi: hauskoja yleisiä teemoja, kuten koira, lehmä, jäätelö, talo ja kameleontti

Video-osio: Katso Lalafunin suosituimpia opetusvideoita ja lastenloruja milloin tahansa.

Miksi vanhemmat rakastavat Lalafunia
Ammattimaista, ikätasolle sopivaa sisältöä, jonka ovat kehittäneet varhaiskasvatuksen asiantuntijat.

Lapsiystävällinen käyttöliittymä, jossa on isot painikkeet ja yksinkertaiset eleet itsenäiseen leikkiin.
Saatavilla 39 kielellä ja perheiden rakastama maailmanlaajuisesti.
Toimii offline-tilassa – täydellinen matkustamiseen tai leikkiaikaan missä tahansa!
Edistää logiikkaa, hienomotorisia taitoja, varhaista luovuutta ja rakkautta eläimiin.
Tuoretta sisältöä lisätään säännöllisesti – uusia pelejä, värityskuvia ja videoita!
100 % mainokseton – turvallista ruutuaikaa, johon voit luottaa.
Täysi käyttöoikeus joustavalla kuukausi- tai vuositilauksella – peruuta milloin tahansa.

Miksi perheet luottavat Lalafuniin
Lalafun on enemmän kuin sovellus – se on luotettava ystävä pienelle oppijallesi. Lalafunilla on yli 8 vuoden kokemus iloisen ja turvallisen sisällön luomisesta taaperoille, ja se on saanut miljoonat lapset hymyilemään. YouTube-kanavallamme ”Lalafun – Nursery Rhymes” on miljardeja katselukertoja ja yli 33 miljoonaa tyytyväistä tilaajaa!

Uskomme, että lapset oppivat parhaiten leikin kautta – siksi jokainen peli testataan oikeilla taaperoilla ja vanhemmat rakastavat sitä.  Lataa ja pelaa tänään
Anna lapsesi kasvaa, kuvitella ja hymyillä Lalafunin taianomaisessa maailmassa – milloin ja missä tahansa!
Lataa nyt ja avaa tuntikausia turvallista ja opettavaista hauskanpitoa 1,5–4-vuotiaille lapsille.
Lalafun – Opi. Leiki. Hymyile!"," Bienvenue dans le monde magique de Lalafun !
Lalafun est une application colorée et sécurisée pour les petits explorateurs curieux de 1,5 à 4 ans. Elle transforme l'apprentissage précoce en jeu ludique grâce à un riche mélange de mini-jeux, de coloriages interactifs et de vidéos éducatives amusantes, appréciées par des millions de familles à travers le monde.
Parfaite pour les tout-petits et les enfants d'âge préscolaire, Lalafun développe la logique, la motricité fine, la créativité et la mémoire, le tout dans un espace 100 % sans publicité. Principales caractéristiques
Plus de 45 jeux et vidéos éducatifs amusants — des aventures infinies pour les esprits en pleine croissance !
Le monde des animaux de la ferme : rejoignez l’orchestre du fermier, résolvez les énigmes « Qui habite où ? » et jouez avec des vaches, des poules, des moutons et bien plus encore !
Le monde sous-marin : plongez dans l’aventure des bulles, l’orchestre sous-marin et jouez à cache-cache avec des animaux marins sympathiques comme des requins, des crabes et des étoiles de mer.
Cuisine amusante : préparez des gâteaux, des pizzas, des hamburgers savoureux et concoctez des repas imaginaires dans une cuisine ludique et sécurisée !
Jeux pour garçons : jouez au train coloré (triez et traînez des véhicules), à la construction de voitures (assemblez et peignez des voitures) et au lavage de voitures (lavez et décorez des camions, des camions de pompiers et des voitures de police).
Jeux pour filles : transformez une princesse dans le jeu d’habillage de princesse, coiffez et maquillez-la dans le salon de beauté et apprenez à trier tout en nettoyant une chambre royale : rangez robes, livres et jouets par couleur et par forme !
Coloriage pour tous : 21 pages à colorier uniques — Pour les garçons : T-Rex, Monster Truck, Voiture de police, Robot, Requin, Lion
Pour les filles : Sirène, Licorne, Fée, Robes, Chatons, Fleurs
Et aussi : des thèmes communs amusants comme le chien, la vache, la glace, la maison et le caméléon
Section Vidéos : Regardez les vidéos éducatives et les comptines les plus populaires de Lalafun à tout moment.

Pourquoi les parents adorent Lalafun
Contenu professionnel et adapté à l'âge, développé par des experts de la petite enfance.
Interface adaptée aux enfants avec de gros boutons et des gestes simples pour un jeu autonome.
Disponible en 39 langues et apprécié des familles du monde entier.
Fonctionne hors ligne : idéal pour les voyages ou les jeux où que vous soyez !
Développe la logique, la motricité fine, la créativité précoce et l'amour des animaux.
Du contenu frais est ajouté régulièrement : nouveaux jeux, coloriages et vidéos !
100 % sans publicité : un temps d'écran sûr et fiable.
Accès complet avec un abonnement mensuel ou annuel flexible : résiliable à tout moment.
Pourquoi les familles font confiance à Lalafun
Lalafun est plus qu'une application : c'est un compagnon de confiance pour votre petit apprenant.
Fort de plus de 8 ans d'expérience dans la création de contenus ludiques et sûrs pour les tout-petits, Lalafun a fait sourire des millions d'enfants. Notre chaîne YouTube, « Lalafun – Comptines », cumule des milliards de vues et plus de 33 millions d'abonnés satisfaits !
Nous sommes convaincus que les enfants apprennent mieux en jouant. C'est pourquoi chaque jeu est testé auprès de vrais tout-petits et apprécié des parents. Téléchargez et jouez dès aujourd'hui
Laissez votre enfant grandir, imaginer et sourire dans le monde magique de Lalafun, où et quand vous le souhaitez !
Téléchargez dès maintenant et profitez de nombreuses heures de jeu éducatif et sécurisé pour les enfants de 1,5 à 4 ans.
Lalafun — Apprendre. Jouer. Souriez !","Willkommen in der magischen Welt von Lalafun!
Lalafun ist eine sichere, farbenfrohe App für neugierige kleine Entdecker im Alter von 1,5 bis 4 Jahren. Mit einer abwechslungsreichen Mischung aus Minispielen, interaktivem Malen und unterhaltsamen Lernvideos macht sie frühes Lernen zum spielerischen Vergnügen. Millionen von Familien weltweit vertrauen ihr.
Lalafun ist perfekt für Kleinkinder und Vorschulkinder und fördert Logik, Feinmotorik, Kreativität und Gedächtnis – und das alles 100 % werbefrei. Hauptfunktionen
Über 45 lustige Lernspiele und Videos – endlose Abenteuer für wachsende Kinder!
Welt der Bauernhoftiere: Tritt dem Bauernorchester bei, löse „Wer wohnt wo?“-Rätsel und spiele mit Kühen, Hühnern, Schafen und mehr!
Unterwasserwelt: Tauche ein in das Seifenblasen-Abenteuer, das Unterwasserorchester und Versteckspiel mit freundlichen Meerestieren wie Haien, Krabben und Seesternen.
Kochspaß: Backe Kuchen, mache Pizza, baue leckere Burger und bereite in einer sicheren, spielerischen Küche Fantasiegerichte zu!
Spiele für Jungen: Spiele „Bunter Zug“ (Fahrzeuge sortieren und ziehen), „Autobauer“ (Autos zusammenbauen und lackieren) und „Autowaschanlage“ (Lastwagen, Feuerwehrautos und Polizeiautos waschen und dekorieren).
Spiele für Mädchen: Verwandle eine Prinzessin im Prinzessinnen-Ankleidespiel, frisiere und schminke dich im Schönheitssalon und lerne beim Aufräumen eines königlichen Zimmers das Sortieren – ordne Kleider, Bücher und Spielzeug nach Farbe und Form!
Malen für alle: 21 einzigartige Malvorlagen – Für Jungen: T-Rex, Monstertruck, Polizeiauto, Roboter, Hai, Löwe
Für Mädchen: Meerjungfrau, Einhorn, Fee, Kleider, Kätzchen, Blumen
Außerdem: Lustige Themen wie Hund, Kuh, Eiscreme, Haus und Chamäleon
Videobereich: Sehen Sie sich jederzeit die beliebtesten Lernvideos und Kinderreime von Lalafun an.

Warum Eltern Lalafun lieben
Professionelle, altersgerechte Inhalte, entwickelt von Experten für frühkindliche Bildung.
Kinderfreundliche Benutzeroberfläche mit großen Schaltflächen und einfachen Gesten für selbstständiges Spielen.
Verfügbar in 39 Sprachen und beliebt bei Familien weltweit.
Funktioniert offline – perfekt für unterwegs oder zum Spielen überall!
Fördert Logik, Feinmotorik, frühe Kreativität und die Liebe zu Tieren.
Regelmäßig neue Inhalte – neue Spiele, Malvorlagen und Videos!
100 % werbefrei – sichere Bildschirmzeit, der Sie vertrauen können.
Vollzugriff mit flexiblem Monats- oder Jahresabonnement – ​​jederzeit kündbar.
Warum Familien Lalafun vertrauen
Lalafun ist mehr als eine App – es ist ein treuer Begleiter für Ihre kleinen Lerner.
Mit über 8 Jahren Erfahrung in der Erstellung unterhaltsamer und sicherer Inhalte für Kleinkinder hat Lalafun Millionen von Kindern zum Lächeln gebracht. Unser YouTube-Kanal „Lalafun – Kinderreime“ hat Milliarden Aufrufe und über 33 Millionen zufriedene Abonnenten!
Wir glauben, dass Kinder am besten spielerisch lernen – deshalb wird jedes Spiel mit echten Kleinkindern getestet und von Eltern geliebt.  Jetzt herunterladen und spielen
Lassen Sie Ihr Kind in Lalafuns magischer Welt wachsen, fantasieren und lächeln – jederzeit und überall!
Jetzt herunterladen und stundenlangen, sicheren und lehrreichen Spaß für Kinder von 1,5 bis 4 Jahren erleben.
Lalafun – Lernen. Spielen. Lächeln!","Καλώς ορίσατε στον Μαγικό Κόσμο του Lalafun!
Το Lalafun είναι μια ασφαλής, πολύχρωμη εφαρμογή για περίεργους μικρούς εξερευνητές ηλικίας 1,5–4 ετών. Μετατρέπει την πρώιμη μάθηση σε χαρούμενο παιχνίδι με ένα πλούσιο μείγμα μίνι παιχνιδιών, διαδραστικού χρωματισμού και διασκεδαστικών εκπαιδευτικών βίντεο που εμπιστεύονται εκατομμύρια οικογένειες παγκοσμίως.
Ιδανικό για νήπια και παιδιά προσχολικής ηλικίας, το Lalafun βοηθά στην ανάπτυξη της λογικής, των λεπτών κινητικών δεξιοτήτων, της δημιουργικότητας και της μνήμης — όλα σε έναν χώρο 100% χωρίς διαφημίσεις. Βασικά Χαρακτηριστικά
45+ διασκεδαστικά παιχνίδια μάθησης και βίντεο — ατελείωτες περιπέτειες για αναπτυσσόμενα μυαλά!
Ο Κόσμος των Ζώων της Φάρμας: Γίνετε μέλος της Ορχήστρας του Αγρότη, λύστε γρίφους ""Ποιος ζει πού;"" και παίξτε με αγελάδες, κότες, πρόβατα και άλλα!
Υποβρύχιος Κόσμος: Βουτήξτε στην Περιπέτεια με το Σκάσιμο Φυσαλίδων, την Υποβρύχια Ορχήστρα και το Κρυφτό με φιλικά θαλάσσια ζώα όπως καρχαρίες, καβούρια και αστερίες.
Διασκέδαση στο Μαγειρική: Ψήστε κέικ, φτιάξτε πίτσα, φτιάξτε νόστιμα μπιφτέκια και δημιουργήστε ψεύτικα γεύματα σε μια ασφαλή, παιχνιδιάρικη κουζίνα!
Παιχνίδια για Αγόρια: Παίξτε Πολύχρωμο Τρένο (ταξινόμηση και σύρσιμο οχημάτων), Κατασκευαστής Αυτοκινήτων (συναρμολόγηση και βαφή αυτοκινήτων) και Πλύσιμο Αυτοκινήτων (πλύσιμο και διακόσμηση φορτηγών, πυροσβεστικών οχημάτων και αστυνομικών αυτοκινήτων).
Παιχνίδια για Κορίτσια: Μεταμορφώστε πριγκίπισσες στο παιχνίδι Ντύσιμο Πριγκίπισσας, φτιάξτε μαλλιά και μακιγιάζ στο Σαλόνι Ομορφιάς και μάθετε να ταξινομείτε ενώ καθαρίζετε ένα βασιλικό δωμάτιο — τακτοποιήστε φορέματα, βιβλία και παιχνίδια κατά χρώμα και σχήμα!
Χρωματισμός για Όλους: 21 μοναδικές σελίδες χρωματισμού — Για αγόρια: T-Rex, Monster Truck, Αστυνομικό Αυτοκίνητο, Ρομπότ, Καρχαρίας, Λιοντάρι
Για κορίτσια: Γοργόνα, Μονόκερος, Νεράιδα, Φορέματα, Γατάκια, Λουλούδια
Επιπλέον: διασκεδαστικά κοινά θέματα όπως Σκύλος, Αγελάδα, Παγωτό, Σπίτι και Χαμαιλέοντας
Ενότητα Βίντεο: Παρακολουθήστε τα πιο δημοφιλή εκπαιδευτικά βίντεο και παιδικά τραγούδια του Lalafun οποιαδήποτε στιγμή.

Γιατί οι γονείς αγαπούν το Lalafun
Επαγγελματικό, κατάλληλο για την ηλικία περιεχόμενο που αναπτύχθηκε από ειδικούς στην προσχολική ηλικία.
Φιλικό προς τα παιδιά περιβάλλον εργασίας με μεγάλα κουμπιά και απλές χειρονομίες για ανεξάρτητο παιχνίδι.
Διατίθεται σε 39 γλώσσες και αγαπιέται από οικογένειες παγκοσμίως.
Λειτουργεί εκτός σύνδεσης — ιδανικό για ταξίδια ή παιχνίδι οπουδήποτε!
Προωθεί τη λογική, τις λεπτές κινητικές δεξιότητες, την πρώιμη δημιουργικότητα και την αγάπη για τα ζώα.
Φρέσκο ​​περιεχόμενο προστίθεται τακτικά — νέα παιχνίδια, σελίδες χρωματισμού και βίντεο!
100% χωρίς διαφημίσεις — ασφαλής χρόνος οθόνης που μπορείτε να εμπιστευτείτε.
Πλήρης πρόσβαση με ευέλικτη μηνιαία ή ετήσια συνδρομή — ακύρωση οποιαδήποτε στιγμή.
Γιατί οι οικογένειες εμπιστεύονται το Lalafun
Το Lalafun είναι κάτι περισσότερο από μια εφαρμογή — είναι ένας έμπιστος φίλος για τον μικρό σας μαθητή.
Με 8+ χρόνια εμπειρίας στη δημιουργία χαρούμενου, ασφαλούς περιεχομένου για νήπια, η Lalafun έχει κάνει εκατομμύρια παιδιά να χαμογελούν. Το κανάλι μας στο YouTube, ""Lalafun – Nursery Rhymes"", έχει δισεκατομμύρια προβολές και πάνω από 33 εκατομμύρια ευχαριστημένους συνδρομητές!
Πιστεύουμε ότι τα παιδιά μαθαίνουν καλύτερα μέσα από το παιχνίδι — γι' αυτό κάθε παιχνίδι δοκιμάζεται με πραγματικά νήπια και αγαπιέται από τους γονείς. Λήψη & Παιχνίδι Σήμερα
Αφήστε το παιδί σας να μεγαλώσει, να φανταστεί και να χαμογελάσει στον μαγικό κόσμο του Lalafun — οποτεδήποτε, οπουδήποτε!
Κατεβάστε το τώρα και ξεκλειδώστε ώρες ασφαλούς, εκπαιδευτικής διασκέδασης για ηλικίες 1,5–4 ετών.
Lalafun — Μάθε. Παίξτε. Χαμογελάστε!","מאפיינים עיקריים ברוכים הבאים לעולם הקסום של Lalafun!
Lalafun היא אפליקציה בטוחה וצבעונית לחוקרים קטנים וסקרנים בגילאי 1.5-4 שנים. היא הופכת למידה מוקדמת למשחק מהנה בעזרת שילוב עשיר של משחקים קטנים, צביעה אינטראקטיבית וסרטונים חינוכיים מהנים, עליהם זוכות מיליוני משפחות ברחבי העולם לאמון.
Lalafun, המושלמת לפעוטות ולילדי גן, מסייעת בפיתוח לוגיקה, מוטוריקה עדינה, יצירתיות וזיכרון - והכל במרחב נטול פרסומות לחלוטין.
45+ משחקי למידה וסרטונים מהנים - הרפתקאות אינסופיות למוחות מתפתחים!
עולם חיות החווה: הצטרפו לתזמורת החקלאים, פתרו חידות ""מי גר איפה?"" ושחקו עם פרות, תרנגולות, כבשים ועוד!
עולם תת ימי: צללו להרפתקת פיצוץ בועות, תזמורת תת ימית ומחבואים עם חיות ים ידידותיות כמו כרישים, סרטנים וכוכבי ים.
בישול מהנה: אפו עוגות, הכינו פיצה, בנו המבורגרים טעימים וצרו ארוחות מדומיינות במטבח בטוח ושובב!
משחקים לבנים: שחקו רכבת צבעונית (מיון וגרירה של כלי רכב), בונה מכוניות (הרכבה וצבעה של מכוניות) ושטיפת מכוניות (שטיפת וקשיטה של ​​משאיות, כבאיות וניידות משטרה).
משחקים לבנות: הפכו נסיכה במשחק הלבשת נסיכה, עצבו שיער ואיפור בסלון יופי ולמדו מיון תוך כדי ניקוי חדר מלכותי - סדרו שמלות, ספרים וצעצועים לפי צבע וצורה!
צביעה לכולם: 21 דפי צביעה ייחודיים - לבנים: טי-רקס, משאית מפלצת, ניידת משטרה, רובוט, כריש, אריה
לבנות: בת ים, חד קרן, פיה, שמלות, גורים, פרחים
בנוסף: נושאים נפוצים ומהנים כמו כלב, פרה, גלידה, בית וזיקית
מדור סרטונים: צפו בסרטוני החינוך והשירים הפופולריים ביותר של Lalafun בכל עת.
למה הורים אוהבים את Lalafun
תוכן מקצועי, המתאים לגיל, שפותח על ידי מומחים לגיל הרך.
ממשק ידידותי לילדים עם כפתורים גדולים ומחוות פשוטות למשחק עצמאי.
זמין ב-39 שפות ואהוב על משפחות ברחבי העולם.
עובד במצב לא מקוון - מושלם לנסיעות או לזמן משחק בכל מקום!
מקדם לוגיקה, מוטוריקה עדינה, יצירתיות מוקדמת ואהבה לבעלי חיים.
תוכן חדש נוסף באופן קבוע - משחקים חדשים, דפי צביעה וסרטונים!
100% ללא פרסומות - זמן מסך בטוח שתוכלו לסמוך עליו.
גישה מלאה עם מנוי חודשי או שנתי גמיש - בטלו בכל עת.
למה משפחות סומכות על Lalafun Lalafun הוא יותר מאפליקציה - הוא חבר מהימן עבור הלומד הקטן שלכם.
עם ניסיון של יותר מ-8 שנים ביצירת תוכן שמח ובטוח לפעוטות, Lalafun גרמה למיליוני ילדים לחייך. לערוץ היוטיוב שלנו, ""Lalafun - שירי ילדים"", יש מיליארדי צפיות ולמעלה מ-33 מיליון מנויים מרוצים!
אנחנו מאמינים שילדים לומדים הכי טוב דרך משחק - לכן כל משחק נבדק עם פעוטות אמיתיים ואהוב על ידי הורים. הורידו ושחקו עוד היום
תנו לילדכם לגדול, לדמיין ולחייך בעולם הקסום של Lalafun - בכל זמן, בכל מקום!
הורידו עכשיו ופתחו שעות של כיף בטוח וחינוכי לגילאי 1.5-4.
Lalafun - למדו. שחקו. חייכו!"," लालाफ़न की जादुई दुनिया में आपका स्वागत है!
लालाफ़न 1.5-4 साल के जिज्ञासु नन्हे खोजकर्ताओं के लिए एक सुरक्षित, रंगीन ऐप है। यह मिनी-गेम्स, इंटरैक्टिव कलरिंग और मज़ेदार शैक्षिक वीडियो के समृद्ध मिश्रण के साथ शुरुआती शिक्षा को आनंददायक खेल में बदल देता है, जिस पर दुनिया भर के लाखों परिवार भरोसा करते हैं।
नन्हे-मुन्नों और प्रीस्कूलर के लिए बिल्कुल सही, लालाफ़न तर्क, सूक्ष्म मोटर कौशल, रचनात्मकता और स्मृति को विकसित करने में मदद करता है - और वह भी 100% विज्ञापन-मुक्त जगह में। मुख्य विशेषताएँ 
45+ मज़ेदार सीखने के खेल और वीडियो — बढ़ते दिमाग के लिए अंतहीन रोमांच!
खेत जानवरों की दुनिया: किसान ऑर्केस्ट्रा में शामिल हों, ""कौन कहाँ रहता है?"" पहेलियाँ सुलझाएँ, और गायों, मुर्गियों, भेड़ों और अन्य जानवरों के साथ खेलें!
पानी के नीचे की दुनिया: बबल पॉपिंग एडवेंचर, पानी के नीचे ऑर्केस्ट्रा और शार्क, केकड़े और स्टारफ़िश जैसे दोस्ताना समुद्री जानवरों के साथ लुका-छिपी में गोता लगाएँ।
खाना पकाने का मज़ा: केक बेक करें, पिज़्ज़ा बनाएँ, स्वादिष्ट बर्गर बनाएँ, और एक सुरक्षित, चंचल रसोई में बनावटी भोजन बनाएँ!
लड़कों के लिए खेल: रंगीन ट्रेन (वाहनों को छाँटना और खींचना), कार बिल्डर (कारों को जोड़ना और रंगना), और कार वॉश (ट्रकों, दमकल गाड़ियों और पुलिस कारों को धोना और सजाना) खेलें।
लड़कियों के लिए खेल: राजकुमारी ड्रेसिंग गेम में राजकुमारी का रूप बदलें, ब्यूटी सैलून में बालों और मेकअप को स्टाइल करें, और एक शाही कमरे की सफाई करते हुए छंटाई सीखें — कपड़े, किताबें और खिलौनों को रंग और आकार के अनुसार व्यवस्थित करें!
सभी के लिए रंग: 21 अनोखे रंग पेज — लड़कों के लिए: टी-रेक्स, मॉन्स्टर ट्रक, पुलिस कार, रोबोट, शार्क, शेर
लड़कियों के लिए: मत्स्यांगना, गेंडा, परी, पोशाकें, बिल्ली के बच्चे, फूल
साथ ही: कुत्ता, गाय, आइसक्रीम, घर और गिरगिट जैसे मज़ेदार सामान्य विषय
वीडियो अनुभाग: लालाफ़न के सबसे लोकप्रिय शैक्षिक वीडियो और नर्सरी राइम्स कभी भी देखें।
माता-पिता लालाफ़न को क्यों पसंद करते हैं
प्रारंभिक बाल्यावस्था विशेषज्ञों द्वारा विकसित पेशेवर, आयु-उपयुक्त सामग्री।
स्वतंत्र रूप से खेलने के लिए बड़े बटन और सरल हावभाव वाला बच्चों के अनुकूल इंटरफ़ेस।
39 भाषाओं में उपलब्ध और दुनिया भर के परिवारों द्वारा पसंद किया जाता है।
ऑफ़लाइन काम करता है - यात्रा या कहीं भी खेलने के लिए बिल्कुल सही!
तर्क, सूक्ष्म मोटर कौशल, प्रारंभिक रचनात्मकता और जानवरों के प्रति प्रेम को बढ़ावा देता है।
नियमित रूप से नई सामग्री जोड़ी जाती है - नए गेम, रंग भरने वाले पृष्ठ और वीडियो!
100% विज्ञापन-मुक्त - सुरक्षित स्क्रीन समय जिस पर आप भरोसा कर सकते हैं।
लचीली मासिक या वार्षिक सदस्यता के साथ पूर्ण पहुँच - कभी भी रद्द करें।
परिवार लालाफुन पर क्यों भरोसा करते हैं? लालाफुन एक ऐप से कहीं बढ़कर है—यह आपके नन्हे-मुन्ने बच्चे के लिए एक भरोसेमंद दोस्त है।
नन्हे-मुन्नों के लिए आनंददायक और सुरक्षित सामग्री बनाने के 8+ वर्षों के अनुभव के साथ, लालाफुन ने लाखों बच्चों के चेहरे पर मुस्कान ला दी है। हमारे YouTube चैनल, ""लालाफुन - नर्सरी राइम्स"" को अरबों बार देखा गया है और 3.3 करोड़ से ज़्यादा लोग इसके सदस्य हैं!
हमारा मानना ​​है कि बच्चे खेल-खेल में सबसे अच्छा सीखते हैं—इसलिए हर गेम को असली नन्हे-मुन्नों के साथ परखा जाता है और माता-पिता इसे पसंद करते हैं।  आज ही डाउनलोड करें और खेलें
अपने बच्चे को लालाफ़न की जादुई दुनिया में बढ़ने, कल्पना करने और मुस्कुराने दें - कभी भी, कहीं भी!
अभी डाउनलोड करें और 1.5-4 साल के बच्चों के लिए सुरक्षित और शैक्षिक मनोरंजन के घंटों का आनंद लें।
लालाफ़न - सीखें। खेलें। मुस्कुराएँ!"," Üdvözlünk a Lalafun varázslatos világában!
A Lalafun egy biztonságos, színes alkalmazás a kíváncsi kis felfedezők számára, másfél-négy éves kortól. A korai tanulást örömteli játékká változtatja minijátékok, interaktív színezők és szórakoztató oktatóvideók gazdag keverékével, amelyekben világszerte több millió család bízik meg.
A kisgyermekek és óvodások számára tökéletes Lalafun segít fejleszteni a logikát, a finommotoros készségeket, a kreativitást és a memóriát – mindezt egy 100%-ban reklámmentes térben. Főbb jellemzők
45+ szórakoztató tanulójáték és videó – végtelen kalandok fejlődő elméknek!
Farm Animals World: Csatlakozz a Farmer Zenekarához, oldd meg a „Ki hol lakik?” rejtvényeket, és játssz tehenekkel, csirkékkel, juhokkal és még sok mással!
Víz alatti világ: Merülj el a buborékpukkantó kalandban, a víz alatti zenekarban és a bújócskában barátságos tengeri állatokkal, mint például cápákkal, rákokkal és tengeri csillagokkal.
Főzési móka: Süss süteményeket, készíts pizzát, építs ízletes hamburgereket, és készíts álételeket egy biztonságos, játékos konyhában!
Fiús játékok: Játssz színes vonattal (járművek rendezése és húzása), autóépítővel (autók összeszerelése és festése), és autómosóval (teherautók, tűzoltóautók és rendőrautók mosása és díszítése).
Lányos játékok: Változtasd át hercegnődet a Hercegnőöltöztetős játékban, formázd meg a hajad és sminked a szépségszalonban, és tanulj meg válogatni, miközben egy királyi szobát takarítasz – rendezd el a ruhákat, könyveket és játékokat szín és forma szerint!
Színező mindenkinek: 21 egyedi színező oldal –  Fiúknak: T-Rex, Szörnyeteg teherautó, Rendőrautó, Robot, Cápa, Oroszlán
Lányoknak: Sellő, Unikornis, Tündér, Ruhák, Kiscicák, Virágok
Plusz: szórakoztató, gyakori témák, mint például Kutya, Tehén, Fagylalt, Ház és Kaméleon
Videók részleg: Nézd meg a Lalafun legnépszerűbb oktatóvideóit és mondókáit bármikor.

Miért szeretik a szülők a Lalafunt?
Professzionális, kornak megfelelő tartalom, amelyet óvodai szakértők fejlesztettek ki.
Gyerekbarát felület nagy gombokkal és egyszerű gesztusokkal az önálló játékhoz.
39 nyelven elérhető, és világszerte a családok szeretik.
Offline működik – tökéletes utazáshoz vagy játékhoz bárhol!
Javítja a logikát, a finommotoros készségeket, a korai kreativitást és az állatok szeretetét.
Rendszeresen friss tartalommal bővül – új játékok, színezők és videók!
100%-ban hirdetésmentes – biztonságos képernyőidő, amelyben megbízhatsz.
Teljes hozzáférés rugalmas havi vagy éves előfizetéssel – bármikor lemondható.

Miért bíznak a családok a Lalafunban? A Lalafun több mint egy alkalmazás – ez egy megbízható barát a kis tanulód számára. Több mint 8 éves tapasztalattal a kisgyermekek számára készült örömteli, biztonságos tartalmak készítésében, a Lalafun több millió gyerek arcát csalta már mosolyra. YouTube-csatornánk, a „Lalafun – Nursery Rhymes” több milliárd megtekintéssel és több mint 33 millió elégedett feliratkozóval rendelkezik!

Hisszük, hogy a gyerekek játék közben tanulnak a legjobban – ezért minden játékot valódi kisgyermekekkel tesztelünk, és a szülők szeretik.  Töltsd le és játssz még ma!
Hagyd, hogy gyermeked fejlődjön, képzelődjön és mosolyogjon a Lalafun varázslatos világában – bármikor, bárhol!
Töltsd le most, és oldj fel órákig tartó biztonságos, tanulságos szórakozást 1,5–4 éves korig.
Lalafun – Tanulj. Játssz. Mosolyogj!","Selamat datang di Dunia Ajaib Lalafun!
Lalafun adalah aplikasi yang aman dan penuh warna untuk penjelajah kecil yang penuh rasa ingin tahu berusia 1,5–4 tahun. Aplikasi ini mengubah pembelajaran dini menjadi permainan yang menyenangkan dengan perpaduan yang kaya akan permainan mini, pewarnaan interaktif, dan video edukasi seru yang dipercaya oleh jutaan keluarga di seluruh dunia.
Sempurna untuk balita dan anak prasekolah, Lalafun membantu membangun logika, keterampilan motorik halus, kreativitas, dan daya ingat — semuanya dalam ruang 100% bebas iklan. Fitur Utama
45+ permainan & video pembelajaran yang seru — petualangan tanpa akhir untuk mengembangkan pikiran!
Farm Animals World: Bergabunglah dengan Farmer’s Orchestra, pecahkan teka-teki ""Siapa yang Tinggal di Mana?"", dan bermainlah dengan sapi, ayam, domba, dan banyak lagi!
Underwater World: Selami Petualangan Meletuskan Gelembung, Underwater Orchestra, dan Petak Umpet bersama hewan laut yang ramah seperti hiu, kepiting, dan bintang laut.
Cooking Fun: Panggang kue, buat pizza, buat burger lezat, dan ciptakan makanan mainan di dapur yang aman dan menyenangkan!
Game untuk Anak Laki-laki: Mainkan Kereta Warna-warni (sortir dan tarik kendaraan), Car Builder (rakit dan cat mobil), dan Car Wash (cuci dan hias truk, mobil pemadam kebakaran, dan mobil polisi).
Game untuk Anak Perempuan: Ubah penampilan putri dalam game Mendandani Putri, tata rambut dan rias wajah di Salon Kecantikan, dan belajar menyortir sambil membersihkan kamar kerajaan — susun gaun, buku, dan mainan berdasarkan warna dan bentuk!
Coloring for Everyone: 21 halaman mewarnai unik — Untuk anak laki-laki: T-Rex, Truk Monster, Mobil Polisi, Robot, Hiu, Singa
Untuk anak perempuan: Putri Duyung, Unicorn, Peri, Gaun, Anak Kucing, Bunga
Plus: tema umum yang menyenangkan seperti Anjing, Sapi, Es Krim, Rumah, dan Bunglon
Bagian Video: Tonton video edukasi dan lagu anak-anak terpopuler Lalafun kapan saja.
Mengapa Orang Tua Menyukai Lalafun
Konten profesional dan sesuai usia yang dikembangkan oleh para ahli anak usia dini.
Antarmuka ramah anak dengan tombol besar dan gestur sederhana untuk bermain mandiri.
Tersedia dalam 39 bahasa dan disukai oleh keluarga di seluruh dunia.
Berfungsi offline — sempurna untuk bepergian atau bermain di mana saja!
Meningkatkan logika, keterampilan motorik halus, kreativitas dini, dan kecintaan terhadap hewan.
Konten baru ditambahkan secara berkala — permainan, halaman mewarnai, dan video baru!
100% bebas iklan — waktu layar aman yang dapat Anda percaya.
Akses penuh dengan langganan bulanan atau tahunan yang fleksibel — batalkan kapan saja.
Mengapa Keluarga Mempercayai Lalafun? Lalafun lebih dari sekadar aplikasi — ia adalah teman tepercaya bagi si kecil yang sedang belajar.
Dengan pengalaman lebih dari 8 tahun dalam menciptakan konten yang menyenangkan dan aman untuk balita, Lalafun telah membuat jutaan anak tersenyum. Kanal YouTube kami, ""Lalafun – Nursery Rhymes"", telah ditonton miliaran kali dan memiliki lebih dari 33 juta pelanggan yang puas!
Kami percaya anak-anak belajar paling baik melalui bermain — itulah sebabnya setiap permainan diuji coba dengan balita sungguhan dan disukai oleh orang tua. Unduh & Mainkan Hari Ini
Biarkan anak Anda tumbuh, berimajinasi, dan tersenyum di dunia ajaib Lalafun — kapan pun, di mana pun!
Unduh sekarang dan nikmati berjam-jam keseruan yang aman dan edukatif untuk usia 1,5–4 tahun.
Lalafun — Belajar. Bermain. Tersenyum!","Benvenuti nel magico mondo di Lalafun!
Lalafun è un'app sicura e colorata per piccoli esploratori curiosi di età compresa tra 1,5 e 4 anni. Trasforma l'apprendimento precoce in un gioco gioioso con un ricco mix di minigiochi, disegni da colorare interattivi e divertenti video educativi, apprezzati da milioni di famiglie in tutto il mondo.
Perfetta per bambini piccoli e in età prescolare, Lalafun aiuta a sviluppare la logica, le capacità motorie fini, la creatività e la memoria, il tutto in uno spazio completamente privo di pubblicità. Caratteristiche principali
Oltre 45 divertenti giochi e video didattici: infinite avventure per menti in crescita!
Mondo degli animali della fattoria: unisciti all'orchestra del contadino, risolvi i puzzle ""Chi vive dove?"" e gioca con mucche, galline, pecore e molto altro!
Mondo sottomarino: tuffati nell'avventura dello scoppio delle bolle, nell'orchestra sottomarina e nel nascondino con amichevoli animali marini come squali, granchi e stelle marine.
Divertimento in cucina: prepara torte, prepara pizze, costruisci gustosi hamburger e crea pasti finti in una cucina sicura e giocosa!
Giochi per ragazzi: gioca a ""Treno colorato"" (ordina e trascina veicoli), ""Costruttore di auto"" (assembla e dipingi auto) e ""Autolavaggio"" (lava e decora camion, autopompe e auto della polizia).
Giochi per ragazze: trasforma una principessa nel gioco ""Vesti la principessa"", acconcia i capelli e truccati nel salone di bellezza e impara a ordinare mentre pulisci una stanza reale: organizza abiti, libri e giocattoli per colore e forma!
Colorare per tutti: 21 pagine da colorare uniche: Per i maschietti: T-Rex, Monster Truck, Auto della Polizia, Robot, Squalo, Leone
Per le femminucce: Sirena, Unicorno, Fata, Vestiti, Gattini, Fiori
In più: divertenti temi comuni come Cane, Mucca, Gelato, Casa e Camaleonte
Sezione Video: Guarda i video educativi e le filastrocche più popolari di Lalafun in qualsiasi momento.
Perché i genitori amano Lalafun
Contenuti professionali e adatti all'età, sviluppati da esperti della prima infanzia.
Interfaccia adatta ai bambini con pulsanti grandi e gesti semplici per un gioco indipendente.
Disponibile in 39 lingue e amato dalle famiglie di tutto il mondo.
Funziona offline: perfetto per viaggiare o giocare ovunque!
Promuove la logica, le capacità motorie fini, la creatività precoce e l'amore per gli animali.
Nuovi contenuti aggiunti regolarmente: nuovi giochi, pagine da colorare e video!
100% senza pubblicità: tempo di utilizzo sicuro e affidabile.
Accesso completo con abbonamento mensile o annuale flessibile: disdici in qualsiasi momento.
Perché le famiglie si fidano di Lalafun? Lalafun è più di un'app: è un amico fidato per il tuo piccolo studente.
Con oltre 8 anni di esperienza nella creazione di contenuti allegri e sicuri per i più piccoli, Lalafun ha fatto sorridere milioni di bambini. Il nostro canale YouTube, ""Lalafun - Filastrocche"", ha miliardi di visualizzazioni e oltre 33 milioni di iscritti soddisfatti!
Crediamo che i bambini imparino meglio giocando: ecco perché ogni gioco viene testato con veri bambini e amato dai genitori. Scarica e gioca oggi stesso
Lascia che il tuo bambino cresca, immagini e sorrida nel magico mondo di Lalafun, sempre e ovunque!
Scarica ora e scopri ore di divertimento sicuro ed educativo per bambini da 1,5 a 4 anni.
Lalafun — Impara. Gioca. Sorridi!","ララファンの魔法の世界へようこそ！
ララファンは、1歳半から4歳までの好奇心旺盛な小さなお子様のための、安全でカラフルなアプリです。豊富なミニゲーム、インタラクティブな塗り絵、そして楽しい教育ビデオが、世界中の何百万ものご家族に愛され、幼児期の学習を楽しい遊びへと導きます。
幼児や未就学児に最適なララファンは、論理的思考力、細かい運動能力、創造性、そして記憶力を養うのに役立ちます。しかも、すべて100%広告なしの空間で。 主な特徴
45種類以上の楽しい学習ゲームと動画で、成長していく子どもたちの心に無限の冒険が待っています！
ファームアニマルワールド：ファーマーズオーケストラに参加したり、「どこに住んでいるの？」パズルを解いたり、牛、ニワトリ、ヒツジなど、たくさんの動物たちと遊んだりできます！
アンダーウォーターワールド：バブルポッピングアドベンチャー、アンダーウォーターオーケストラ、かくれんぼで、サメ、カニ、ヒトデなどのフレンドリーな海の動物たちと遊べます。
クッキングファン：安全で遊び心のあるキッチンで、ケーキを焼いたり、ピザを作ったり、おいしいハンバーガーを作ったり、ごっこ遊びをしたりしましょう！
男の子向けゲーム：カラフルトレイン（乗り物を分類してドラッグ）、カービルダー（車を組み立ててペイント）、カーウォッシュ（トラック、消防車、パトカーを洗ってデコレーション）で遊びましょう。
女の子向けゲーム：プリンセスに変身するプリンセスドレスゲーム、ビューティーサロンでヘアメイクをしたり、王室の部屋を掃除しながら仕分けを学ぶことができます。ドレス、本、おもちゃを色と形で並べ替えましょう！
みんなで遊べるぬりえ：21種類のユニークなぬりえページ   男の子向け：T-REX、モンスタートラック、パトカー、ロボット、サメ、ライオン
女の子向け：人魚、ユニコーン、妖精、ドレス、子猫、花
さらに、犬、牛、アイスクリーム、家、カメレオンなど、楽しい定番テーマもご用意しています
動画セクション：Lalafunで人気の教育動画や童謡をいつでも視聴できます。
Lalafunが親御さんに愛される理由
幼児教育の専門家が開発した、年齢に合わせたプロフェッショナルなコンテンツ。
大きなボタンとシンプルなジェスチャーで、お子様でも安心して遊べるインターフェース。
39の言語に対応し、世界中のご家族に愛されています。
オフラインでも使えるので、旅行やお出かけ先でもどこでも楽しめます！
論理的思考力、細かい運動能力、幼児期の創造性、そして動物への愛情を育みます。
新しいゲーム、ぬり絵、動画など、新しいコンテンツが定期的に追加されます！
100%広告なし。安心して安全にスクリーンタイムを楽しめます。
月額または年額の柔軟なサブスクリプションで、いつでもフルアクセス。
Lalafunが家族に信頼される理由 Lalafunは単なるアプリではありません。小さな学習者にとって、頼りになる友達です。
8年以上にわたり、幼児向けの楽しく安全なコンテンツを制作してきたLalafunは、何百万人もの子供たちを笑顔にしてきました。YouTubeチャンネル「Lalafun – Nursery Rhymes」は、数十億回もの再生回数と3,300万人以上のチャンネル登録者数を誇ります。
私たちは、子どもたちは遊びを通して最もよく学ぶと信じています。だからこそ、すべてのゲームは実際の幼児を対象にテストされ、多くの保護者に愛されています。 今すぐダウンロードしてプレイ
Lalafunの魔法の世界で、お子様の成長、想像力、そして笑顔を、いつでもどこでも楽しみましょう！
今すぐダウンロードして、1歳半から4歳までのお子様が、安全で楽しく学べるゲームを何時間もお楽しみください。
Lalafun — 学んで、遊んで、笑顔に！","마법 같은 Lalafun의 세계에 오신 것을 환영합니다!
Lalafun은 1.5세에서 4세 사이의 호기심 많은 작은 탐험가들을 위한 안전하고 다채로운 앱입니다. 전 세계 수백만 가정에서 신뢰받는 다양한 미니 게임, 인터랙티브 색칠, 재미있는 교육 동영상을 통해 조기 학습을 즐거운 놀이로 바꿔줍니다.
유아와 미취학 아동에게 안성맞춤인 Lalafun은 100% 광고 없는 환경에서 논리력, 소근육 운동 능력, 창의력, 기억력을 발달시키는 데 도움을 줍니다.  주요 특징
45가지 이상의 재미있는 학습 게임과 동영상 - 성장하는 두뇌를 위한 끝없는 모험!
농장 동물 세계: 농부 오케스트라에 참여하고, ""누가 어디에 살까?"" 퍼즐을 풀고, 소, 닭, 양 등과 함께 놀아보세요!
수중 세계: 상어, 게, 불가사리 같은 친근한 바다 동물들과 함께 거품 터뜨리기 모험, 수중 오케스트라, 숨바꼭질에 뛰어들어 보세요.
재미있는 요리: 안전하고 재미있는 주방에서 케이크를 굽고, 피자를 만들고, 맛있는 버거를 만들고, 가상 식사를 만들어 보세요!
남자아이 게임: 컬러풀 기차(탈것 분류 및 끌기), 자동차 만들기(자동차 조립 및 도색), 세차(트럭, 소방차, 경찰차 세차 및 장식)를 즐겨보세요.
여자아이 게임: 공주 옷 입히기 게임에서 공주로 변신하고, 미용실에서 헤어와 메이크업을 하고, 왕실 방을 청소하며 분류하는 법을 배워보세요. 드레스, 책, 장난감을 색깔과 모양에 따라 정리하세요!
모두를 위한 색칠: 21가지 독특한 색칠 페이지 — 남자아이: 티라노사우루스, 몬스터 트럭, 경찰차, 로봇, 상어, 사자
여자아이: 인어, 유니콘, 요정, 드레스, 새끼 고양이, 꽃
플러스: 개, 소, 아이스크림, 집, 카멜레온 등 재미있고 친숙한 테마
비디오 섹션: Lalafun의 가장 인기 있는 교육용 비디오와 동요를 언제든지 시청하세요.
부모님들이 Lalafun을 사랑하는 이유
유아 교육 전문가들이 개발한 전문적이고 연령에 맞는 콘텐츠.
큰 버튼과 간단한 제스처로 아이들이 스스로 놀 수 있는 편리한 인터페이스.
39개 언어로 제공되며 전 세계 가족들에게 사랑받고 있습니다.
오프라인에서도 사용 가능 - 여행이나 어디서든 놀이 시간에 안성맞춤!
논리력, 소근육 운동 능력, 조기 창의력, 동물에 대한 사랑을 키워줍니다.
새로운 게임, 색칠 공부, 비디오 등 새로운 콘텐츠가 정기적으로 추가됩니다!
100% 광고 없음 - 믿고 안심하고 사용할 수 있는 안전한 화면 시간.
유연한 월간 또는 연간 구독으로 모든 기능을 이용하세요 - 언제든지 취소 가능.
가족들이 Lalafun을 신뢰하는 이유 Lalafun은 단순한 앱이 아닙니다. 어린 자녀에게 믿음직한 친구입니다.
8년 이상 유아를 위한 즐겁고 안전한 콘텐츠를 제작해 온 Lalafun은 수백만 명의 아이들에게 웃음을 선사했습니다. 저희 YouTube 채널 ""Lalafun - Nursery Rhymes""는 수십억 회 조회수와 3,300만 명 이상의 구독자를 보유하고 있습니다!
저희는 아이들이 놀이를 통해 가장 잘 배운다고 믿습니다. 그래서 모든 게임은 실제 유아를 대상으로 테스트되었으며, 부모님들의 사랑을 받고 있습니다.  지금 바로 다운로드하고 플레이하세요
Lalafun의 마법 같은 세상에서 아이가 언제 어디서나 성장하고, 상상하고, 미소 짓게 하세요!
지금 다운로드하고 1.5세~4세 어린이를 위한 안전하고 교육적인 즐거움을 만끽하세요.
Lalafun — 배우고, 놀고, 미소 지으세요!","Laipni lūgti Lalafun maģiskajā pasaulē!
Lalafun ir droša, krāsaina lietotne zinātkāriem mazajiem pētniekiem vecumā no 1,5 līdz 4 gadiem. Tā pārvērš agrīno mācīšanos priecīgā spēlē ar bagātīgu mini spēļu, interaktīvu krāsojamo attēlu un jautru izglītojošu video sajaukumu, kuriem uzticas miljoniem ģimeņu visā pasaulē.
Lalafun ir ideāli piemērota mazuļiem un pirmsskolas vecuma bērniem, palīdz attīstīt loģiku, smalkās motorikas, radošumu un atmiņu — tas viss pilnībā bez reklāmām. Galvenās funkcijas
Vairāk nekā 45 jautras mācību spēles un video — nebeidzami piedzīvojumi augošiem prātiem!
Lauku dzīvnieku pasaule: Pievienojieties Zemnieku orķestrim, atrisiniet mīklas “Kas kur dzīvo?” un spēlējieties ar govīm, vistām, aitām un citiem!
Zemūdens pasaule: Ienirstiet burbuļu sprāgšanas piedzīvojumā, Zemūdens orķestrī un paslēpēs kopā ar draudzīgiem jūras dzīvniekiem, piemēram, haizivīm, krabjiem un jūras zvaigznēm.
Ēdiena gatavošanas prieki: Cepiet kūkas, gatavojiet picu, gatavojiet garšīgus burgerus un radiet izlikšanās maltītes drošā, rotaļīgā virtuvē!
Spēles zēniem: Spēlējiet krāsaino vilcienu (šķirojiet un velciet transportlīdzekļus), automašīnu būvētāju (montējiet un krāsojiet automašīnas) un automazgātavu (mazgājiet un dekorējiet kravas automašīnas, ugunsdzēsēju mašīnas un policijas automašīnas).
Spēles meitenēm: Pārveidojiet princesi princeses ģērbšanās spēlē, veidojiet matus un grimu skaistumkopšanas salonā un mācieties šķirot, tīrot karalisko istabu — sakārtojiet kleitas, grāmatas un rotaļlietas pēc krāsas un formas!
Krāsošana ikvienam: 21 unikāla krāsojamā lapa —  Zēniem: T-Rex, Monster Truck, Policijas automašīna, Robots, Haizivs, Lauva
Meitenēm: Nāra, Vienradzis, Feja, Kleitas, Kaķēni, Ziedi
Turklāt: jautras kopīgas tēmas, piemēram, Suns, Govs, Saldējums, Māja un Hameleons
Video sadaļa: Skatieties Lalafun populārākos izglītojošos video un bērnu dziesmiņas jebkurā laikā.
Kāpēc vecākiem patīk Lalafun
Profesionāls, vecumam atbilstošs saturs, ko izstrādājuši pirmsskolas izglītības eksperti.
Bērniem draudzīgs interfeiss ar lielām pogām un vienkāršām žestiem patstāvīgai spēlēšanai.
Pieejams 39 valodās un iecienīts ģimeņu visā pasaulē.
Darbojas bezsaistē — ideāli piemērots ceļojumiem vai rotaļām jebkur!
Veicina loģiku, smalkās motorikas, agrīno radošumu un mīlestību pret dzīvniekiem.
Regulāri tiek pievienots jauns saturs — jaunas spēles, krāsojamās lapas un video!
100% bez reklāmām — drošs ekrāna laiks, kuram varat uzticēties.
Pilna piekļuve ar elastīgu mēneša vai gada abonementu — atcelt jebkurā laikā.
Kāpēc ģimenes uzticas Lalafun Lalafun ir vairāk nekā tikai lietotne — tas ir uzticams draugs jūsu mazajam skolēnam.
Ar vairāk nekā 8 gadu pieredzi priecīga un droša satura veidošanā maziem bērniem, Lalafun ir licis miljoniem bērnu smaidīt. Mūsu YouTube kanālam “Lalafun – Nursery Rhymes” ir miljardiem skatījumu un vairāk nekā 33 miljoni apmierinātu abonentu!
Mēs ticam, ka bērni vislabāk mācās rotaļājoties — tāpēc katra spēle tiek pārbaudīta ar īstiem mazuļiem un iemīļota vecāku vidū.  Lejupielādē un spēlē jau šodien
Ļaujiet savam bērnam augt, iztēloties un smaidīt Lalafun maģiskajā pasaulē — jebkurā laikā un vietā!
Lejupielādējiet tūlīt un atbloķējiet stundām ilgas drošas, izglītojošas izklaides bērniem vecumā no 1,5 līdz 4 gadiem.
Lalafun — Mācies. Spēlē. Smaidi!","Sveiki atvykę į magišką „Lalafun“ pasaulį!
„Lalafun“ – tai saugi ir spalvinga programėlė smalsiems mažiesiems 1,5–4 metų tyrinėtojams. Ji ankstyvąjį mokymąsi paverčia džiaugsmingu žaidimu, siūlydama gausų mini žaidimų, interaktyvaus spalvinimo ir smagių edukacinių vaizdo įrašų, kuriais pasitiki milijonai šeimų visame pasaulyje, derinį.
Puikiai tinka mažyliams ir ikimokyklinio amžiaus vaikams, „Lalafun“ padeda lavinti logiką, smulkiąją motoriką, kūrybiškumą ir atmintį – visa tai 100 % be reklamos. Pagrindinės funkcijos
Daugiau nei 45 smagūs lavinamųjų žaidimų ir vaizdo įrašų – nesibaigiantys nuotykiai augantiems protams!
„Ūkio gyvūnų pasaulis“: prisijunkite prie ūkininko orkestro, spręskite galvosūkius „Kas kur gyvena?“ ir žaiskite su karvėmis, vištomis, avimis ir kitais!
„Povandeninis pasaulis“: pasinerkite į burbulų sprogdinimo nuotykį, povandeninį orkestrą ir slėpynių žaidimą su draugiškais jūros gyvūnais, tokiais kaip rykliai, krabai ir jūros žvaigždės.
Maisto gaminimo pramogos: kepkite pyragus, gaminkite picą, gaminkite skanius mėsainius ir kurkite netikrus patiekalus saugioje, žaismingoje virtuvėje!
Žaidimai berniukams: žaiskite spalvingą traukinį (rūšiuokite ir tempkite transporto priemones), automobilių konstruktorių (surinkite ir dažykite automobilius) ir automobilių plovyklą (plaukite ir dekoruokite sunkvežimius, gaisrines mašinas ir policijos automobilius).
Žaidimai mergaitėms: transformuokite princesę princesių persirengimo žaidime, formuokite plaukus ir makiažą grožio salone ir mokykitės rūšiuoti valydami karališką kambarį – rūšiuokite sukneles, knygas ir žaislus pagal spalvą ir formą!
Spalvinimas visiems: 21 unikalus spalvinimo puslapis –  Berniukams: tiranozauras, monstras sunkvežimis, policijos automobilis, robotas, ryklys, liūtas
Mergaitėms: undinė, vienaragis, fėja, suknelės, kačiukai, gėlės
Be to: smagios įprastos temos, tokios kaip šuo, karvė, ledai, namas ir chameleonas

Vaizdo įrašų skiltis: žiūrėkite populiariausius „Lalafun“ edukacinius vaizdo įrašus ir lopšinius bet kada.

Kodėl tėvai mėgsta „Lalafun“
Profesionalus, amžių atitinkantis turinys, sukurtas ankstyvojo ugdymo ekspertų.
Vaikams pritaikyta sąsaja su dideliais mygtukais ir paprastais gestais savarankiškam žaidimui.
Pasiekiama 39 kalbomis ir mėgstama šeimų visame pasaulyje.
Veikia neprisijungus – puikiai tinka kelionėms ar žaidimams bet kur!
Skatina logiką, smulkiąją motoriką, ankstyvąjį kūrybiškumą ir meilę gyvūnams.
Reguliariai pridedamas naujas turinys – nauji žaidimai, spalvinimo puslapiai ir vaizdo įrašai!
100 % be reklamos – saugus ekrano laikas, kuriuo galite pasitikėti.
Visa prieiga su lanksčia mėnesine arba metine prenumerata – atšaukite bet kada.
Kodėl šeimos pasitiki „Lalafun“
„Lalafun“ yra daugiau nei programėlė – tai patikimas jūsų mažojo besimokančiojo draugas.
Turėdama daugiau nei 8 metų patirtį kurdama džiaugsmingą ir saugų turinį mažyliams, „Lalafun“ privertė milijonus vaikų nusišypsoti. Mūsų „YouTube“ kanalas „Lalafun – Nursery Rhymes“ turi milijardus peržiūrų ir daugiau nei 33 milijonus patenkintų prenumeratorių!
Mes tikime, kad vaikai geriausiai mokosi žaisdami – todėl kiekvienas žaidimas yra išbandomas su tikrais mažyliais ir mylimas tėvų. Atsisiųskite ir žaiskite šiandien
Leiskite savo vaikui augti, įsivaizduoti ir šypsotis magiškame „Lalafun“ pasaulyje – bet kada ir bet kur!
Atsisiųskite dabar ir atraskite valandas saugių, lavinamųjų pramogų 1,5–4 metų vaikams.
„Lalafun“ – mokykitės. Žaiskite. Šypsokitės!","Selamat datang ke Dunia Ajaib Lalafun!
Lalafun ialah apl berwarna-warni yang selamat untuk peneroka kecil yang ingin tahu berumur 1.5–4 tahun. Ia menjadikan pembelajaran awal menjadi permainan yang menggembirakan dengan gabungan pelbagai permainan mini, pewarnaan interaktif dan video pendidikan menyeronokkan yang dipercayai oleh berjuta-juta keluarga di seluruh dunia.
Sesuai untuk kanak-kanak dan kanak-kanak prasekolah, Lalafun membantu membina logik, kemahiran motor halus, kreativiti dan ingatan — semuanya dalam ruang bebas iklan 100%. Ciri-ciri Utama
45+ permainan pembelajaran & video yang menyeronokkan — pengembaraan tanpa henti untuk minda yang semakin berkembang!
 Dunia Haiwan Ladang: Sertai Orkestra Peladang, selesaikan ""Siapa Tinggal Di Mana?"" teka-teki, dan bermain dengan lembu, ayam, biri-biri dan banyak lagi!
 Dunia Bawah Air: Menyelami Pengembaraan Bubble Popping, Orkestra Bawah Air, dan Sembunyi & Cari dengan haiwan laut yang mesra seperti jerung, ketam dan bintang laut.
 Keseronokan Memasak: Bakar kek, buat piza, bina burger yang lazat dan buat makanan pura-pura di dapur yang selamat dan menyeronokkan!
 Permainan untuk Lelaki: Main Kereta Api Berwarna-warni (isih dan seret kenderaan), Pembina Kereta (pasang dan cat kereta), dan Cuci Kereta (basuh dan menghias trak, enjin bomba dan kereta polis).
 Permainan untuk Gadis: Permainan Transform puteri dalam Princess Dressing, gaya rambut dan solek di Salon Kecantikan, dan belajar menyusun semasa membersihkan bilik diraja — susun pakaian, buku dan mainan mengikut warna dan bentuk!
 Mewarna untuk Semua: 21 halaman mewarna unik —  Untuk kanak-kanak lelaki: T-Rex, Lori Raksasa, Kereta Polis, Robot, Jerung, Singa
Untuk perempuan: Mermaid, Unicorn, Fairy, Dresses, Kittens, Flowers
Tambahan: tema biasa yang menyeronokkan seperti Anjing, Lembu, Ais Krim, Rumah dan Bunglon
 Bahagian Video: Tonton video pendidikan Lalafun yang paling popular dan sajak taska pada bila-bila masa.
 Mengapa Ibu Bapa Suka Lalafun
Kandungan profesional dan bersesuaian dengan umur yang dibangunkan oleh pakar awal kanak-kanak.
Antara muka mesra kanak-kanak dengan butang besar dan gerak isyarat mudah untuk permainan bebas.
Tersedia dalam 39 bahasa dan disukai oleh keluarga di seluruh dunia.
Berfungsi di luar talian — sesuai untuk perjalanan atau masa bermain di mana-mana sahaja!
Menggalakkan logik, kemahiran motor halus, kreativiti awal, dan cinta kepada haiwan.
Kandungan baharu ditambah secara kerap — permainan baharu, halaman pewarna dan video!
100% bebas iklan — masa skrin selamat yang boleh anda percayai.
Akses penuh dengan langganan bulanan atau tahunan yang fleksibel — batalkan bila-bila masa.
 Mengapa Keluarga Mempercayai Lalafun Lalafun adalah lebih daripada sebuah aplikasi — ia merupakan rakan yang dipercayai untuk pelajar kecil anda.
 Dengan pengalaman 8+ tahun mencipta kandungan yang menggembirakan dan selamat untuk kanak-kanak kecil, Lalafun telah membuat berjuta-juta kanak-kanak tersenyum. Saluran YouTube kami, “Lalafun – Nursery Rhymes”, mempunyai berbilion tontonan dan lebih 33 juta pelanggan gembira!
Kami percaya kanak-kanak belajar yang terbaik melalui permainan — itulah sebabnya setiap permainan diuji dengan kanak-kanak sebenar dan disayangi oleh ibu bapa.  Muat turun & Main Hari Ini
Biarkan anak anda membesar, bayangkan dan tersenyum dalam dunia ajaib Lalafun — bila-bila masa, di mana sahaja!
 Muat turun sekarang dan buka kunci jam keseronokan pendidikan yang selamat untuk umur 1.5–4.
 Lalafun — Belajar. Main. Senyum!"," Velkommen til Lalafuns magiske verden!

Lalafun er en trygg og fargerik app for nysgjerrige små oppdagelsesreisende i alderen 1,5–4 år. Den forvandler tidlig læring til gledelig lek med en rik blanding av minispill, interaktiv fargelegging og morsomme, pedagogiske videoer som millioner av familier over hele verden stoler på.

Perfekt for småbarn og førskolebarn, Lalafun hjelper med å bygge logikk, finmotorikk, kreativitet og hukommelse – alt i et 100 % reklamefritt rom.Viktige funksjoner
45+ morsomme læringsspill og -videoer – endeløse eventyr for voksende sinn!
Farm Animals World: Bli med i Bondens orkester, løs «Hvem bor hvor?»-gåter og lek med kyr, kyllinger, sauer og mer!
Underwater World: Dykk ned i boblepopping-eventyr, undervannsorkester og gjemsel med vennlige sjødyr som haier, krabber og sjøstjerner.
Matlagingsmoro: Bak kaker, lag pizza, bygg smakfulle burgere og lag late som-måltider på et trygt og lekent kjøkken!
Spill for gutter: Spill Fargerikt tog (sorter og dra kjøretøy), Bilbygger (sett sammen og mal biler) og Bilvask (vask og dekorer lastebiler, brannbiler og politibiler).
Spill for jenter: Forvandle prinsesse i Prinsesse-påkledningsspillet, style hår og sminke i skjønnhetssalongen, og lær sortering mens du rengjør et kongelig rom – ordne kjoler, bøker og leker etter farge og form!
Fargelegging for alle: 21 unike fargeleggingssider –  For gutter: T-Rex, Monstertruck, Politibil, Robot, Hai, Løve
For jenter: Havfrue, Enhjørning, Fe, Kjoler, Kattunger, Blomster
Pluss: Morsomme vanlige temaer som Hund, Ku, Iskrem, Hus og Kameleon
Videoseksjon: Se Lalafuns mest populære pedagogiske videoer og barnerim når som helst.
Hvorfor foreldre elsker Lalafun
Profesjonelt, alderstilpasset innhold utviklet av eksperter på tidlig barndom.
Barnevennlig grensesnitt med store knapper og enkle bevegelser for uavhengig lek.
Tilgjengelig på 39 språk og elsket av familier over hele verden.
Fungerer offline – perfekt for reiser eller lek hvor som helst!
Fremmer logikk, finmotorikk, tidlig kreativitet og en kjærlighet til dyr.
Nytt innhold legges til regelmessig – nye spill, fargeleggingssider og videoer!
100 % annonsefritt – trygg skjermtid du kan stole på.
Full tilgang med fleksibelt månedlig eller årlig abonnement – ​​kanseller når som helst.
Hvorfor familier stoler på Lalafun Lalafun er mer enn en app – det er en pålitelig venn for den lille eleven din.
Med over 8 års erfaring med å lage gledelig og trygt innhold for småbarn, har Lalafun fått millioner av barn til å smile. YouTube-kanalen vår, «Lalafun – Barnerim», har milliarder av visninger og over 33 millioner fornøyde abonnenter!
Vi tror at barn lærer best gjennom lek – derfor er alle spillene testet med ekte småbarn og elsket av foreldre. Last ned og spill i dag
La barnet ditt vokse, fantasere og smile i Lalafuns magiske verden – når som helst, hvor som helst!
Last ned nå og lås opp timer med trygg og lærerik moro for barn i alderen 1,5–4 år.
Lalafun – Lær. Lek. Smil!","Witamy w magicznym świecie Lalafun!
Lalafun to bezpieczna, kolorowa aplikacja dla ciekawskich małych odkrywców w wieku 1,5–4 lat. Zamienia wczesną naukę w radosną zabawę dzięki bogatemu zestawowi minigier, interaktywnej koloryzacji i zabawnych filmów edukacyjnych, którym zaufały miliony rodzin na całym świecie.
Idealna dla małych dzieci i przedszkolaków, Lalafun pomaga rozwijać logikę, motorykę małą, kreatywność i pamięć – a wszystko to w przestrzeni w 100% wolnej od reklam. Najważniejsze cechy
Ponad 45 zabawnych gier i filmów edukacyjnych — niekończące się przygody dla rozwijających się umysłów!
Świat Zwierząt Farmowych: Dołącz do Orkiestry Farmera, rozwiąż zagadki „Kto gdzie mieszka?” i baw się z krowami, kurami, owcami i nie tylko!
Podwodny Świat: Zanurz się w przygodę z pękającymi bańkami mydlanymi, podwodną orkiestrą i zabawą w chowanego z przyjaznymi zwierzętami morskimi, takimi jak rekiny, kraby i rozgwiazdy.
Zabawa w gotowanie: Piecz ciasta, rób pizzę, buduj smaczne burgery i twórz udawane posiłki w bezpiecznej, pełnej zabawy kuchni!
Gry dla chłopców: Graj w Kolorowy Pociąg (sortuj i przeciągaj pojazdy), Budowę Samochodów (składaj i maluj samochody) oraz Myjnię Samochodową (myj i dekoruj ciężarówki, wozy strażackie i radiowozy).
Gry dla dziewczynek: Przemień się w księżniczkę w grze „Ubieranie Księżniczek”, uczesz włosy i makijaż w Salonie Piękności i naucz się sortować, sprzątając królewski pokój — układaj sukienki, książki i zabawki według koloru i kształtu!
Kolorowanki dla każdego: 21 unikalnych kolorowanek —  Dla chłopców: T-Rex, Monster Truck, Radiowóz, Robot, Rekin, Lew
Dla dziewczynek: Syrenka, Jednorożec, Wróżka, Sukienki, Kocięta, Kwiaty
Dodatkowo: zabawne, popularne motywy, takie jak Pies, Krowa, Lody, Dom i Kameleon
Sekcja filmów: Oglądaj najpopularniejsze filmy edukacyjne i rymowanki Lalafun w dowolnym momencie.
Dlaczego rodzice kochają Lalafun
Profesjonalne, dostosowane do wieku treści opracowane przez ekspertów w zakresie wczesnego dzieciństwa.
Przyjazny dla dzieci interfejs z dużymi przyciskami i prostymi gestami do samodzielnej zabawy.
Dostępne w 39 językach i uwielbiane przez rodziny na całym świecie.
Działa offline — idealne w podróży lub podczas zabawy w dowolnym miejscu!
Wspiera logikę, małą motorykę, wczesną kreatywność i miłość do zwierząt.
Regularnie dodawane nowe treści — nowe gry, kolorowanki i filmy!
100% bez reklam — bezpieczny czas przed ekranem, któremu możesz zaufać.
Pełny dostęp dzięki elastycznej miesięcznej lub rocznej subskrypcji — anuluj w dowolnym momencie.
Dlaczego rodziny ufają Lalafun? Lalafun to coś więcej niż aplikacja — to zaufany przyjaciel Twojego małego ucznia.
Dzięki ponad 8-letniemu doświadczeniu w tworzeniu radosnych i bezpiecznych treści dla maluchów, Lalafun wywołał uśmiech na twarzach milionów dzieci. Nasz kanał na YouTube, „Lalafun – Rymowanki”, ma miliardy wyświetleń i ponad 33 miliony zadowolonych subskrybentów!
Wierzymy, że dzieci uczą się najlepiej poprzez zabawę — dlatego każda gra jest testowana na prawdziwych maluchach i uwielbiana przez rodziców.  Pobierz i graj już dziś
Pozwól swojemu dziecku rosnąć, rozwijać wyobraźnię i uśmiechać się w magicznym świecie Lalafun — zawsze i wszędzie!
Pobierz teraz i odblokuj godziny bezpiecznej, edukacyjnej zabawy dla dzieci w wieku 1,5–4 lat.
Lalafun — Ucz się. Baw. Uśmiechaj!","Bem-vindo ao Mundo Mágico de Lalafun!
Lalafun é um aplicativo seguro e colorido para pequenos exploradores curiosos de 1,5 a 4 anos. Ele transforma o aprendizado inicial em brincadeiras divertidas com uma rica combinação de minijogos, jogos de colorir interativos e vídeos educativos divertidos, com a confiança de milhões de famílias em todo o mundo.
Perfeito para bebês e crianças em idade pré-escolar, Lalafun ajuda a desenvolver lógica, coordenação motora fina, criatividade e memória — tudo em um espaço 100% livre de anúncios. Principais Características
Mais de 45 jogos e vídeos educativos divertidos — aventuras sem fim para mentes em desenvolvimento!
Mundo dos Animais da Fazenda: Junte-se à Orquestra do Fazendeiro, resolva os quebra-cabeças ""Quem Mora Onde?"" e brinque com vacas, galinhas, ovelhas e muito mais!
Mundo Subaquático: Mergulhe na Aventura de Estourar Bolhas, na Orquestra Subaquática e no Esconde-Esconde com animais marinhos amigáveis ​​como tubarões, caranguejos e estrelas-do-mar.
Diversão Culinária: Asse bolos, faça pizza, prepare hambúrgueres saborosos e crie refeições de faz de conta em uma cozinha segura e lúdica!
Jogos para Meninos: Jogue Trem Colorido (separe e arraste veículos), Construtor de Carros (monte e pinte carros) e Lava-Jato (lave e decore caminhões, carros de bombeiros e viaturas).
Jogos para Meninas: Transforme-se em princesa no jogo Vestir Princesa, penteie o cabelo e a maquiagem no Salão de Beleza e aprenda a separar enquanto limpa um salão real — organize vestidos, livros e brinquedos por cor e forma!
Colorir para Todos: 21 páginas de colorir exclusivas — Para meninos: T-Rex, Caminhão Monstro, Carro de Polícia, Robô, Tubarão, Leão
Para meninas: Sereia, Unicórnio, Fada, Vestidos, Gatinhos, Flores
Além disso: temas divertidos e comuns como Cachorro, Vaca, Sorvete, Casa e Camaleão
Seção de Vídeos: Assista aos vídeos educativos e cantigas de roda mais populares do Lalafun a qualquer hora.
Por que os Pais Adoram o Lalafun
Conteúdo profissional e adequado à idade, desenvolvido por especialistas em primeira infância.
Interface amigável para crianças com botões grandes e gestos simples para brincadeiras independentes.
Disponível em 39 idiomas e adorado por famílias do mundo todo.
Funciona offline — perfeito para viagens ou brincadeiras em qualquer lugar!
Promove lógica, coordenação motora fina, criatividade precoce e o amor pelos animais.
Conteúdo novo adicionado regularmente — novos jogos, páginas para colorir e vídeos!
100% sem anúncios — tempo de tela seguro e confiável.
Acesso total com assinatura mensal ou anual flexível — cancele a qualquer momento.
Por que as famílias confiam no Lalafun? O Lalafun é mais do que um aplicativo — é um amigo de confiança para o seu pequeno aprendiz.
Com mais de 8 anos de experiência criando conteúdo alegre e seguro para crianças pequenas, o Lalafun já fez milhões de crianças sorrirem. Nosso canal no YouTube, ""Lalafun – Nursery Rhymes"", tem bilhões de visualizações e mais de 33 milhões de inscritos felizes!
Acreditamos que as crianças aprendem melhor brincando — é por isso que todos os jogos são testados com crianças de verdade e adorados pelos pais.  Baixe e jogue hoje mesmo
Deixe seu filho crescer, imaginar e sorrir no mundo mágico de Lalafun — a qualquer hora e em qualquer lugar!
Baixe agora e aproveite horas de diversão segura e educativa para crianças de 1,5 a 4 anos.
Lalafun — Aprenda. Brinque. Sorria!"," Bun venit în lumea magică a Lalafun!
Lalafun este o aplicație sigură și colorată pentru micii exploratori curioși cu vârste cuprinse între 1,5 și 4 ani. Transformă învățarea timpurie într-o joacă veselă cu un amestec bogat de mini-jocuri, colorare interactivă și videoclipuri educaționale distractive, în care milioane de familii din întreaga lume au încredere.
Perfectă pentru copii mici și preșcolari, Lalafun ajută la dezvoltarea logicii, a abilităților motorii fine, a creativității și a memoriei - toate într-un spațiu 100% fără reclame.Caracteristici principale
Peste 45 de jocuri și videoclipuri distractive de învățare — aventuri nesfârșite pentru minți în dezvoltare!
Lumea animalelor de la fermă: Alătură-te Orchestrei fermierilor, rezolvă puzzle-uri „Cine locuiește unde?” și joacă-te cu vaci, găini, oi și multe altele!
Lumea subacvatică: Cufundă-te în Aventura cu bule de săpun, Orchestra subacvatică și Jocul de-a v-ați ascunselea cu animale marine prietenoase, cum ar fi rechini, crabi și stele de mare.
Distracție culinară: Coace prăjituri, face pizza, construiește burgeri gustoși și creează mese imaginare într-o bucătărie sigură și jucăușă!
Jocuri pentru băieți: Joacă-te Trenuleț colorat (sortează și trage vehicule), Constructor de mașini (asamblează și vopsește mașini) și Spălătorie auto (spală și decorează camioane, mașini de pompieri și mașini de poliție).
Jocuri pentru fete: Transformă prințesa în jocul Îmbrăcat prințese, coafează-te și machiază-te în Salonul de înfrumusețare și învață sortarea în timp ce cureți o cameră regală — aranjează rochii, cărți și jucării după culoare și formă!
Colorat pentru toată lumea: 21 de pagini de colorat unice —  Pentru băieți: T-Rex, Monster Truck, Mașină de poliție, Robot, Rechin, Leu
Pentru fete: Sirenă, Unicorn, Zână, Rochițe, Pisicuțe, Flori
În plus: teme comune distractive precum Câine, Vacă, Înghețată, Casă și Cameleon
Secțiune Videoclipuri: Urmăriți oricând cele mai populare videoclipuri educaționale și cântece pentru copii de la Lalafun.

De ce părinții iubesc Lalafun
Conținut profesional, adecvat vârstei, dezvoltat de experți în copilărie.
Interfață prietenoasă cu copiii, cu butoane mari și gesturi simple pentru joc independent.
Disponibil în 39 de limbi și îndrăgit de familiile din întreaga lume.
Funcționează offline - perfect pentru călătorii sau joacă oriunde!
Promovează logica, abilitățile motorii fine, creativitatea timpurie și dragostea pentru animale.
Conținut proaspăt adăugat periodic - jocuri noi, pagini de colorat și videoclipuri!
100% fără reclame - timp sigur petrecut pe ecran în care puteți avea încredere.
Acces complet cu abonament lunar sau anual flexibil - anulare oricând.
De ce familiile au încredere în Lalafun Lalafun este mai mult decât o aplicație - este un prieten de încredere pentru micul tău elev.
Cu peste 8 ani de experiență în crearea de conținut vesel și sigur pentru copiii mici, Lalafun a făcut milioane de copii să zâmbească. Canalul nostru de YouTube, „Lalafun – Cântece pentru copii”, are miliarde de vizualizări și peste 33 de milioane de abonați fericiți!

Credem că cei mici învață cel mai bine prin joacă - de aceea, fiecare joc este testat cu copii mici reali și îndrăgit de părinți. Descarcă și joacă-te astăzi
Lasă-ți copilul să crească, să-și imagineze și să zâmbească în lumea magică a Lalafun — oricând, oriunde!
Descarcă acum și deblochează ore întregi de distracție sigură și educativă pentru copii cu vârste cuprinse între 1,5 și 4 ani.
Lalafun — Învață. Joacă-te. Zâmbește!","Добродошли у чаробни свет Лалафуна!
Лалафун је безбедна, шарена апликација за радознале мале истраживаче узраста од 1,5 до 4 године. Она претвара рано учење у радосну игру уз богату мешавину мини-игара, интерактивних бојанки и забавних едукативних видео снимака којима верују милиони породица широм света.
Савршен за малишане и предшколце, Лалафун помаже у развоју логике, фине моторике, креативности и памћења — све у простору 100% без реклама. Кључне карактеристике
45+ забавних едукативних игара и видео записа — бескрајне авантуре за умове у развоју!
Свет животиња на фарми: Придружите се Фармерском оркестру, решавајте загонетке „Ко где живи?“ и играјте се са кравама, пилићима, овцама и још много тога!
Подводни свет: Зароните у авантуру пуцања мехурића, подводни оркестар и жмурке са пријатељским морским животињама попут ајкула, ракова и морских звезда.
Забава у кувању: Пеците колаче, правите пицу, правите укусне бургери и креирајте лажне оброке у безбедној, разиграној кухињи!
Игре за дечаке: Играјте Шарени воз (сортирајте и вуците возила), Градитељ аутомобила (склапајте и фарбајте аутомобиле) и Прање аутомобила (перите и украшавајте камионе, ватрогасна возила и полицијске аутомобиле).
Игре за девојчице: Трансформишите принцезу у игрици Облачење принцеза, стилизујте косу и шминкајте се у Салону лепоте и научите сортирање док чистите краљевску собу — распоредите хаљине, књиге и играчке по боји и облику!
Бојење за свакога: 21 јединствена страница за бојење —  За дечаке: Т-Рекс, Монстер камион, Полицијски ауто, Робот, Ајкула, Лав
За девојчице: Сирена, Једнорог, Вила, Хаљине, Мачићи, Цвеће
Плус: забавне уобичајене теме попут пса, краве, сладоледа, куће и камелеона
Одељак са видео записима: Гледајте најпопуларније едукативне видео записе и дечје песмице Лалафуна било када.
Зашто родитељи воле Лалафун
Професионални, узрасту прилагођен садржај који су развили стручњаци за рано детињство.
Интерфејс прилагођен деци са великим дугмићима и једноставним гестовима за самосталну игру.
Доступно на 39 језика и вољено од стране породица широм света.
Ради офлајн — савршено за путовања или игру било где! Промовише логику, фину моторику, рану креативност и љубав према животињама. Редовно се додаје свеж садржај — нове игре, странице за бојење и видео записи! 100% без реклама — безбедно време проведено испред екрана коме можете веровати. Потпун приступ са флексибилном месечном или годишњом претплатом — откажите било када.
Зашто породице верују Лалафуну Лалафун је више од апликације — то је поуздан пријатељ за вашег малог ученика.
Са преко 8 година искуства у креирању радосног и безбедног садржаја за малишане, Лалафун је измамио осмехе на лица милиона деце. Наш Јутјуб канал, „Лалафун – Дечје песмице“, има милијарде прегледа и преко 33 милиона задовољних претплатника!
Верујемо да деца најбоље уче кроз игру — зато је свака игра тестирана са правим малишанима и вољена од стране родитеља.  Преузмите и играјте данас
Дозволите свом детету да расте, машта и осмехује се у чаробном свету Лалафуна — било када, било где!
Преузмите сада и откључајте сате безбедне, едукативне забаве за узраст од 1,5 до 4 године.
Лалафун — Учите. Играјте се. Осмехните се!","主要特色
45+ 款趣味学习游戏和视频——为成长中的大脑开启无尽的冒险之旅！
农场动物世界：加入农场主管弦乐队，解开“谁住在哪里？”谜题，与奶牛、鸡、羊等动物一起玩耍！
海底世界：与鲨鱼、螃蟹、海星等友善的海洋动物一起体验泡泡大冒险、海底管弦乐队和捉迷藏。
烹饪乐趣：在安全有趣的厨房里烤蛋糕、做披萨、制作美味汉堡，并制作模拟菜肴！
男孩游戏：玩彩色火车（分类和拖动车辆）、汽车建造者（组装和喷漆汽车）和洗车（清洗和装饰卡车、消防车和警车）。
女孩游戏：在公主换装游戏中为公主变身，在美容院设计发型和化妆，并在打扫皇家房间的同时学习分类——按颜色和形状整理礼服、书籍和玩具！
适合所有人的涂色游戏：21 张独特的涂色页— 男孩：霸王龙、怪兽卡车、警车、机器人、鲨鱼、狮子
女孩：美人鱼、独角兽、仙女、连衣裙、小猫、花朵
此外：还有狗狗、奶牛、冰淇淋、房子和变色龙等常见趣味主题
视频专区：随时观看Lalafun最受欢迎的教育视频和儿歌。

家长为何钟爱Lalafun
由幼儿教育专家开发的专业且适龄的内容。
儿童友好的界面，大按钮和简单的手势，方便独立游戏。
提供39种语言版本，深受全球家庭喜爱。
离线使用——非常适合旅行或随时随地玩耍！
培养逻辑思维、精细动作技能、早期创造力以及对动物的热爱。
定期更新新鲜内容——新游戏、涂色页和视频！
100%无广告——值得信赖的安全屏幕时间。
灵活选择按月或按年订阅，即可访问所有资源——随时取消。
为什么家庭信赖 Lalafun
Lalafun 不仅仅是一款应用程序——它是您小小学习者的可靠伙伴。
Lalafun 拥有超过 8 年的经验，为幼儿创作快乐、安全的内容，为数百万孩子带来了欢笑。我们的 YouTube 频道“Lalafun - 童谣”拥有数十亿的观看量和超过 3300 万的快乐订阅者！
我们相信，孩子们在玩耍中学习效果最佳——因此，我们的每款游戏都经过真实幼儿测试，并深受家长喜爱。 立即下载畅玩
让您的孩子在 Lalafun 的魔法世界中随时随地成长、想象、绽放笑容！
立即下载，开启安全、寓教于乐的精彩时光，适合 1.5 至 4 岁儿童。
Lalafun — 学习。玩乐。绽放！","Vitajte v magickom svete Lalafunu!
Lalafun je bezpečná a farebná aplikácia pre zvedavých malých objaviteľov vo veku 1,5 – 4 roky. Vďaka bohatej zmesi minihier, interaktívnych omaľovánok a zábavných vzdelávacích videí, ktorým dôverujú milióny rodín na celom svete, premieňa rané učenie na radostnú hru.
Lalafun je ideálna pre batoľatá a predškolákov a pomáha rozvíjať logiku, jemnú motoriku, kreativitu a pamäť – to všetko v priestore 100 % bez reklám. Kľúčové vlastnosti
45+ zábavných vzdelávacích hier a videí – nekonečné dobrodružstvá pre rastúce mysle!
Svet hospodárskych zvierat: Pridajte sa k farmárskemu orchestru, riešte hádanky „Kto kde býva?“ a hrajte sa s kravami, sliepkami, ovcami a ďalšími!
Podvodný svet: Ponorte sa do dobrodružstva s praskaním bublín, podvodného orchestra a hry na schovávačku s priateľskými morskými živočíchmi, ako sú žraloky, kraby a hviezdice.
Zábava s varením: Pečte koláče, pripravujte pizzu, stavajte chutné hamburgery a vytvárajte falošné jedlá v bezpečnej a hravej kuchyni!
Hry pre chlapcov: Hrajte Farebný vláčik (triedte a ťahajte vozidlá), Stavba áut (zostavujte a maľujte autá) a Umývajte si auto (umývajte a zdobte nákladné autá, hasičské autá a policajné autá).
Hry pre dievčatá: Premeňte princeznú v hre Obliekanie princezien, upravte si vlasy a líčenie v salóne krásy a naučte sa triediť pri upratovaní kráľovskej izby – usporiadajte šaty, knihy a hračky podľa farby a tvaru!
Omaľovánky pre každého: 21 jedinečných omaľovánok —  Pre chlapcov: T-Rex, Monster Truck, Policajné auto, Robot, Žralok, Lev
Pre dievčatá: Morská panna, Jednorožec, Víla, Šaty, Mačiatka, Kvety
Plus: zábavné bežné témy ako Pes, Krava, Zmrzlina, Dom a Chameleón
Sekcia videí: Pozrite si najobľúbenejšie vzdelávacie videá a detské riekanky od Lalafun kedykoľvek.

Prečo rodičia milujú Lalafun
Profesionálny, veku primeraný obsah vyvinutý odborníkmi na rané detstvo.
Rozhranie priateľské k deťom s veľkými tlačidlami a jednoduchými gestami pre samostatnú hru.
Dostupné v 39 jazykoch a obľúbené rodinami na celom svete.
Funguje offline – ideálne na cesty alebo hranie kdekoľvek!
Podporuje logiku, jemnú motoriku, ranú kreativitu a lásku k zvieratám.
Pravidelne pridávaný nový obsah – nové hry, omaľovánky a videá! 100 % bez reklám – bezpečný čas pred obrazovkou, ktorému môžete dôverovať.
Plný prístup s flexibilným mesačným alebo ročným predplatným – kedykoľvek zrušiť.
Prečo rodiny dôverujú Lalafun
Lalafun je viac než len aplikácia – je to dôveryhodný priateľ pre vášho malého študenta.
S viac ako 8-ročnými skúsenosťami s tvorbou radostného a bezpečného obsahu pre batoľatá, Lalafun vyčaril úsmev na tvári miliónom detí. Náš YouTube kanál „Lalafun – Detské riekanky“ má miliardy zhliadnutí a viac ako 33 miliónov spokojných odberateľov!
Veríme, že deti sa najlepšie učia hrou – preto je každá hra testovaná so skutočnými batoľatami a milovaná rodičmi. Stiahnite si a hrajte ešte dnes
Nechajte svoje dieťa rásť, predstaviť si a usmievať sa v magickom svete Lalafunu – kedykoľvek a kdekoľvek!
Stiahnite si teraz a odomknite hodiny bezpečnej a vzdelávacej zábavy pre deti vo veku 1,5 – 4 roky.
Lalafun – Učte sa. Hrajte sa. Usmievajte sa!","Dobrodošli v čarobnem svetu Lalafuna!
Lalafun je varna in barvita aplikacija za radovedne male raziskovalce, stare od 1,5 do 4 let. Z bogato mešanico mini iger, interaktivnih pobarvank in zabavnih izobraževalnih videoposnetkov, ki jim zaupajo milijoni družin po vsem svetu, zgodnje učenje spremeni v veselo igro.
Lalafun je odlična aplikacija za malčke in predšolske otroke, ki pomaga pri razvoju logike, fine motorike, ustvarjalnosti in spomina – vse to v prostoru, ki je 100 % brez oglasov. Ključne značilnosti
45+ zabavnih učnih iger in videoposnetkov – neskončne dogodivščine za rastoče ume!
Svet domačih živali: Pridružite se kmečkemu orkestru, rešujte uganke »Kdo kje živi?« in se igrajte s kravami, kokošmi, ovcami in še več!
Podvodni svet: Potopite se v pustolovščino pokanja mehurčkov, podvodni orkester in skrivalnice s prijaznimi morskimi živalmi, kot so morski psi, raki in morske zvezde.
Zabavno kuhanje: Pecite torte, pecite pico, sestavljajte okusne burgerje in ustvarjajte namišljene obroke v varni, igrivi kuhinji!
Igre za fante: Igrajte Barvit vlak (razvrščajte in vlečite vozila), Graditelj avtomobilov (sestavljajte in barvajte avtomobile) in Pranje avtomobilov (pranje in okraševanje tovornjakov, gasilskih in policijskih avtomobilov).
Igre za dekleta: Preobrazite princeso v igri Oblačenja princes, oblikujte pričesko in ličite se v kozmetičnem salonu ter se naučite razvrščanja med čiščenjem kraljeve sobe – razporedite obleke, knjige in igrače po barvah in oblikah!
Pobarvanke za vsakogar: 21 edinstvenih pobarvank –  Za fantke: T-Rex, Monster Truck, Policijski avto, Robot, Morski pes, Lev
Za deklice: Morska deklica, Samorog, Vila, Obleke, Muce, Rože
Plus: zabavne pogoste teme, kot so pes, krava, sladoled, hiša in kameleon
Razdelek z videoposnetki: Oglejte si najbolj priljubljene izobraževalne videoposnetke in otroške pesmice Lalafun kadar koli.

Zakaj starši obožujejo Lalafun
Profesionalna, starosti primerna vsebina, ki so jo razvili strokovnjaki za zgodnje otroštvo.
Otrokom prijazen vmesnik z velikimi gumbi in preprostimi kretnjami za samostojno igro.
Na voljo v 39 jezikih in priljubljen med družinami po vsem svetu.
Deluje brez povezave – idealno za potovanja ali igro kjer koli!
Spodbuja logiko, fino motoriko, zgodnjo ustvarjalnost in ljubezen do živali.
Redno dodajamo sveže vsebine – nove igre, pobarvanke in videoposnetki!
100 % brez oglasov – varen čas pred zaslonom, ki mu lahko zaupate.
Popoln dostop s prilagodljivo mesečno ali letno naročnino – kadar koli jo lahko prekličete.
Zakaj družine zaupajo Lalafunu
Lalafun je več kot le aplikacija – je zaupanja vreden prijatelj za vašega malega učenca.
Z več kot 8 leti izkušenj z ustvarjanjem veselih in varnih vsebin za malčke je Lalafun nasmejal milijone otrok. Naš YouTube kanal »Lalafun – Otroške pesmice« ima milijarde ogledov in več kot 33 milijonov zadovoljnih naročnikov!
Verjamemo, da se otroci najbolje učijo skozi igro – zato je vsaka igra preizkušena s pravimi malčki in jo imajo starši radi.  Prenesite in igrajte še danes
Naj vaš otrok raste, si predstavlja in se smeji v čarobnem svetu Lalafuna – kadarkoli in kjerkoli!
Prenesite zdaj in odklenite ure varne in poučne zabave za otroke, stare od 1,5 do 4 let.
Lalafun – Učite se. Igrajte se. Nasmejte se!","¡Bienvenido al mágico mundo de Lalafun!
Lalafun es una app segura y colorida para pequeños exploradores curiosos de entre 1,5 y 4 años. Convierte el aprendizaje temprano en una divertida experiencia de juego con una rica combinación de minijuegos, actividades interactivas para colorear y divertidos vídeos educativos, en los que confían millones de familias de todo el mundo.
Perfecta para bebés y niños en edad preescolar, Lalafun ayuda a desarrollar la lógica, la motricidad fina, la creatividad y la memoria, todo en un espacio 100 % libre de publicidad. Características principales
¡Más de 45 divertidos juegos y videos de aprendizaje: infinitas aventuras para mentes en desarrollo!
Mundo de Animales de Granja: ¡Únete a la Orquesta del Granjero, resuelve rompecabezas de ""¿Quién vive dónde?"" y juega con vacas, gallinas, ovejas y más!
Mundo Submarino: Sumérgete en la Aventura de Explotar Burbujas, la Orquesta Submarina y el Escondite con simpáticos animales marinos como tiburones, cangrejos y estrellas de mar.
Cocina Divertida: ¡Hornea pasteles, prepara pizza, crea deliciosas hamburguesas y crea comidas de mentira en una cocina segura y divertida!
Juegos para Niños: Juega al Tren Colorido (clasifica y arrastra vehículos), Construye Autos (ensambla y pinta autos) y Lava Autos (lava y decora camiones, camiones de bomberos y patrullas).
Juegos para Niñas: Transforma a la princesa en el juego de Vestir Princesas, peina y maquilla en el Salón de Belleza y aprende a clasificar mientras limpias una habitación real: ¡ordena vestidos, libros y juguetes por color y forma!
Colorear para Todos: 21 páginas para colorear únicas  Para niños: T-Rex, Monster Truck, Coche de Policía, Robot, Tiburón, León
Para niñas: Sirena, Unicornio, Hada, Vestidos, Gatitos, Flores
Además: divertidos temas comunes como Perro, Vaca, Helado, Casa y Camaleón
Sección de Videos: Mira los videos educativos y canciones infantiles más populares de Lalafun cuando quieras.

¿Por qué a los padres les encanta Lalafun?
Contenido profesional y apropiado para cada edad, desarrollado por expertos en primera infancia.
Interfaz amigable para niños con botones grandes y gestos sencillos para jugar de forma independiente.
Disponible en 39 idiomas y adorado por familias de todo el mundo.
Funciona sin conexión: ¡perfecto para viajar o para jugar en cualquier lugar!
Promueve la lógica, la motricidad fina, la creatividad temprana y el amor por los animales.
Contenido nuevo añadido regularmente: ¡nuevos juegos, páginas para colorear y videos!
100 % sin publicidad: tiempo de pantalla seguro y confiable.
Acceso completo con suscripción mensual o anual flexible: cancela cuando quieras. Por qué las familias confían en Lalafun
Lalafun es más que una app: es un amigo de confianza para tu pequeño aprendiz.
Con más de 8 años de experiencia creando contenido divertido y seguro para niños pequeños, Lalafun ha hecho sonreír a millones de niños. Nuestro canal de YouTube, ""Lalafun – Canciones Infantiles"", ¡tiene miles de millones de visualizaciones y más de 33 millones de suscriptores satisfechos!
Creemos que los niños aprenden mejor jugando; por eso, cada juego se prueba con niños pequeños reales y sus padres lo adoran.  Descarga y juega hoy
Deja que tu hijo crezca, imagine y sonría en el mágico mundo de Lalafun, ¡cuando y donde quiera!
Descarga ahora y descubre horas de diversión segura y educativa para niños de 1,5 a 4 años.
Lalafun: ¡Aprende. Juega. Sonríe!"," Välkommen till Lalafuns magiska värld!
Lalafun är en säker och färgglad app för nyfikna små upptäcktsresande i åldrarna 1,5–4 år. Den förvandlar tidigt lärande till glädjefylld lek med en rik blandning av minispel, interaktiva färgläggningstekniker och roliga och pedagogiska videor som miljontals familjer världen över litar på.
Lalafun är perfekt för småbarn och förskolebarn och hjälper till att bygga logik, finmotorik, kreativitet och minne – allt i ett 100 % reklamfritt utrymme. Viktiga funktioner
45+ roliga och lärorika spel och videor — oändliga äventyr för växande sinnen!
Farm Animals World: Gå med i Bondens Orkester, lös ""Vem bor var?""-pussel och lek med kor, kycklingar, får och mer!
Underwater World: Dyk ner i Bubble Popping Adventure, Underwater Orchestra och Curragömma med vänliga havsdjur som hajar, krabbor och sjöstjärnor.
Matlagningskul: Baka kakor, gör pizza, bygg goda hamburgare och skapa låtsasmat i ett säkert och lekfullt kök!
Spel för pojkar: Spela Färgglada tåg (sortera och dra fordon), Bilbyggare (montera och måla bilar) och Biltvätt (tvätta och dekorera lastbilar, brandbilar och polisbilar).
Spel för flickor: Förvandla prinsessa i Prinsessklädspelet, styla hår och smink i skönhetssalongen och lär dig sortera medan du städar ett kungligt rum — arrangera klänningar, böcker och leksaker efter färg och form!
Målarbilder för alla: 21 unika målarbilder — För pojkar: T-Rex, Monstertruck, Polisbil, Robot, Haj, Lejon
För flickor: Sjöjungfru, Enhörning, Fe, Klänningar, Kattungar, Blommor
Plus: roliga vanliga teman som Hund, Ko, Glass, Hus och Kameleont
Videosektion: Se Lalafuns mest populära utbildningsvideor och barnvisor när som helst.

Varför föräldrar älskar Lalafun
Professionellt, åldersanpassat innehåll utvecklat av experter på tidig barndom.
Barnvänligt gränssnitt med stora knappar och enkla gester för självständig lek.
Tillgängligt på 39 språk och älskat av familjer över hela världen.
Fungerar offline — perfekt för resor eller lektid var som helst!
Främjar logik, finmotorik, tidig kreativitet och en kärlek till djur.
Nytt innehåll läggs till regelbundet — nya spel, målarbilder och videor!
100 % reklamfritt — säker skärmtid du kan lita på.
Full åtkomst med flexibel månads- eller årsprenumeration — avbryt när som helst.
Varför familjer litar på Lalafun
Lalafun är mer än en app — det är en betrodd vän för din lilla elev.
Med över 8 års erfarenhet av att skapa glädjefyllt och säkert innehåll för småbarn har Lalafun fått miljontals barn att le. Vår YouTube-kanal, ”Lalafun – Barnvisor”, har miljarder visningar och över 33 miljoner nöjda prenumeranter!
Vi tror att barn lär sig bäst genom lek – det är därför varje spel testas med riktiga småbarn och älskas av föräldrar. Ladda ner och spela idag
Låt ditt barn växa, fantisera och le i Lalafuns magiska värld – när som helst, var som helst!
Ladda ner nu och lås upp timmar av säkert, lärorikt och roligt för åldrarna 1,5–4 år.
Lalafun — Lär dig. Lek. Le!","Maligayang pagdating sa Magical World ng Lalafun!
Ang Lalafun ay isang ligtas at makulay na app para sa mausisa na maliliit na explorer na may edad 1.5–4 na taon. Ginagawa nitong masayang laro ang maagang pag-aaral na may masaganang halo ng mga mini-game, interactive na pangkulay, at masasayang pang-edukasyon na mga video na pinagkakatiwalaan ng milyun-milyong pamilya sa buong mundo.
Perpekto para sa mga bata at preschooler, tumutulong ang Lalafun na bumuo ng lohika, mahusay na mga kasanayan sa motor, pagkamalikhain, at memorya — lahat sa isang 100% na walang ad na espasyo. Mga Pangunahing Tampok
45+ nakakatuwang laro at video sa pag-aaral — walang katapusang pakikipagsapalaran para sa lumalaking isip!
 Farm Animals World: Sumali sa Farmer's Orchestra, lutasin ang ""Who Lives Where?"" mga puzzle, at makipaglaro sa mga baka, manok, tupa, at higit pa!
 Underwater World: Sumisid sa Bubble Popping Adventure, Underwater Orchestra, at Hide & Seek kasama ang magiliw na mga hayop sa dagat tulad ng mga pating, alimango, at starfish.
 Kasiyahan sa Pagluluto: Maghurno ng mga cake, gumawa ng pizza, gumawa ng masasarap na burger, at gumawa ng mga kunwaring pagkain sa isang ligtas at mapaglarong kusina!
 Mga Laro para sa Mga Lalaki: Maglaro ng Makukulay na Tren (pagbukud-bukurin at kaladkarin ang mga sasakyan), Tagabuo ng Kotse (magtipon at magpinta ng mga sasakyan), at Car Wash (maghugas at magdekorasyon ng mga trak, mga makina ng bumbero, at mga sasakyang pulis).
 Mga Laro para sa Batang Babae: I-transform ang prinsesa sa larong Pagbibihis ng Prinsesa, i-istilo ang buhok at makeup sa Beauty Salon, at matutong mag-sort habang naglilinis ng royal room — ayusin ang mga damit, aklat, at laruan ayon sa kulay at hugis!
 Pangkulay para sa Lahat: 21 natatanging pahina ng pangkulay —  Para sa mga lalaki: T-Rex, Monster Truck, Police Car, Robot, Shark, Lion
Para sa mga batang babae: Sirena, Unicorn, Fairy, Dresses, Kuting, Bulaklak
Dagdag pa: nakakatuwang mga karaniwang tema tulad ng Aso, Baka, Ice Cream, Bahay, at Chameleon
 Seksyon ng Mga Video: Panoorin ang pinakasikat na pang-edukasyon na mga video at nursery rhyme ng Lalafun anumang oras.


 Bakit Mahal ng mga Magulang ang Lalafun
Propesyonal, naaangkop sa edad na nilalaman na binuo ng mga eksperto sa maagang pagkabata.
Kid-friendly na interface na may malalaking button at simpleng galaw para sa malayang paglalaro.
Available sa 39 na wika at minamahal ng mga pamilya sa buong mundo.
Gumagana offline — perpekto para sa paglalakbay o oras ng paglalaro kahit saan!
Nagsusulong ng lohika, mahusay na mga kasanayan sa motor, maagang pagkamalikhain, at pagmamahal sa mga hayop.
Regular na idinaragdag ang sariwang nilalaman — mga bagong laro, pangkulay na pahina, at mga video!
100% walang ad — ligtas na oras ng paggamit ng screen na mapagkakatiwalaan mo.
Buong pag-access na may flexible buwanan o taunang subscription — kanselahin anumang oras.
 Bakit Nagtitiwala ang Mga Pamilya sa Lalafun
Ang Lalafun ay higit pa sa isang app — isa itong pinagkakatiwalaang kaibigan para sa iyong munting mag-aaral.
 Sa 8+ taong karanasan sa paglikha ng masaya at ligtas na content para sa mga bata, napangiti ng Lalafun ang milyun-milyong bata. Ang aming channel sa YouTube, ""Lalafun - Nursery Rhymes"", ay may bilyun-bilyong view at mahigit 33 milyong masayang subscriber!
Naniniwala kaming pinakamahusay na natututo ang mga bata sa pamamagitan ng paglalaro — kaya naman ang bawat laro ay sinusubok sa mga totoong paslit at minamahal ng mga magulang.  I-download at I-play Ngayon
Hayaang lumaki, isipin, at ngumiti ang iyong anak sa mahiwagang mundo ng Lalafun — anumang oras, kahit saan!
 I-download ngayon at i-unlock ang mga oras ng ligtas, pang-edukasyon na kasiyahan para sa edad na 1.5–4.
 Lalafun — Matuto. Maglaro. Ngiti!","ยินดีต้อนรับสู่โลกแห่งเวทมนตร์ของ Lalafun!
Lalafun คือแอปที่ปลอดภัยและมีสีสันสำหรับนักสำรวจตัวน้อยวัย 1.5-4 ปี เปลี่ยนการเรียนรู้ตั้งแต่วัยเยาว์ให้กลายเป็นการเล่นที่สนุกสนานด้วยการผสมผสานระหว่างมินิเกม การระบายสีแบบอินเทอร์แอคทีฟ และวิดีโอการเรียนรู้แสนสนุกที่ครอบครัวหลายล้านครอบครัวทั่วโลกไว้วางใจ
Lalafun เหมาะสำหรับเด็กเล็กและเด็กก่อนวัยเรียน ช่วยเสริมสร้างทักษะตรรกะ ทักษะการเคลื่อนไหวกล้ามเนื้อมัดเล็ก ความคิดสร้างสรรค์ และความจำ ทั้งหมดนี้ในพื้นที่ปลอดโฆษณา 100% คุณสมบัติหลัก
เกมและวิดีโอการเรียนรู้สนุกๆ มากกว่า 45 เกม — การผจญภัยไม่รู้จบเพื่อพัฒนาสมอง!
โลกสัตว์ในฟาร์ม: เข้าร่วมวงออร์เคสตราของชาวนา ไขปริศนา ""ใครอาศัยอยู่ที่ไหน?"" และเล่นกับวัว ไก่ แกะ และอื่นๆ อีกมากมาย!
โลกใต้น้ำ: ดำดิ่งสู่การผจญภัยเป่าฟองสบู่ วงออร์เคสตราใต้น้ำ และซ่อนหากับสัตว์ทะเลแสนเป็นมิตร เช่น ฉลาม ปู และปลาดาว
ความสนุกในการทำอาหาร: อบเค้ก ทำพิซซ่า สร้างเบอร์เกอร์แสนอร่อย และสร้างสรรค์อาหารจำลองในครัวที่ปลอดภัยและสนุกสนาน!
เกมสำหรับเด็กผู้ชาย: เล่นรถไฟหลากสี (จัดเรียงและลากรถ), สร้างรถ (ประกอบและระบายสีรถ) และล้างรถ (ล้างและตกแต่งรถบรรทุก รถดับเพลิง และรถตำรวจ)
เกมสำหรับเด็กผู้หญิง: แปลงโฉมเจ้าหญิงในเกมแต่งตัวเจ้าหญิง จัดแต่งทรงผมและแต่งหน้าในร้านเสริมสวย และเรียนรู้การจัดเรียงขณะทำความสะอาดห้องพระราชา — จัดเรียงชุดเดรส หนังสือ และของเล่นตามสีและรูปทรง!
ระบายสีสำหรับทุกคน: หน้าระบายสี 21 หน้า —  สำหรับเด็กผู้ชาย: ทีเร็กซ์, รถมอนสเตอร์ทรัค, รถตำรวจ, หุ่นยนต์, ฉลาม, สิงโต
สำหรับเด็กผู้หญิง: นางเงือก, ยูนิคอร์น, นางฟ้า, ชุดเดรส, ลูกแมว, ดอกไม้
เพิ่มเติม: ธีมทั่วไปที่สนุกสนาน เช่น สุนัข, วัว, ไอศกรีม, บ้าน และกิ้งก่า
ส่วนวิดีโอ: รับชมวิดีโอเพื่อการศึกษาและเพลงกล่อมเด็กยอดนิยมของ Lalafun ได้ทุกเมื่อ

ทำไมพ่อแม่ถึงรัก Lalafun
เนื้อหาระดับมืออาชีพและเหมาะสมกับวัย พัฒนาโดยผู้เชี่ยวชาญด้านเด็กปฐมวัย
อินเทอร์เฟซที่เป็นมิตรกับเด็ก พร้อมปุ่มขนาดใหญ่และท่าทางง่ายๆ สำหรับการเล่นอย่างอิสระ
มีให้บริการใน 39 ภาษา และเป็นที่ชื่นชอบของครอบครัวทั่วโลก
ใช้งานแบบออฟไลน์ได้ — เหมาะสำหรับการเดินทางหรือเล่นได้ทุกที่!
ส่งเสริมตรรกะ ทักษะการเคลื่อนไหวที่ดี ความคิดสร้างสรรค์ตั้งแต่เนิ่นๆ และความรักในสัตว์
มีเนื้อหาใหม่ๆ เพิ่มเข้ามาเป็นประจำ — เกมใหม่ ภาพระบายสี และวิดีโอ!
ไม่มีโฆษณา 100% — ปลอดภัยต่อเวลาหน้าจอที่คุณวางใจได้
เข้าถึงได้เต็มรูปแบบพร้อมการสมัครสมาชิกรายเดือนหรือรายปีที่ยืดหยุ่น — ยกเลิกได้ทุกเมื่อ
ทำไมครอบครัวจึงไว้วางใจ Lalafun
Lalafun เป็นมากกว่าแอป — มันคือเพื่อนคู่ใจสำหรับลูกน้อยของคุณ
ด้วยประสบการณ์กว่า 8 ปีในการสร้างสรรค์คอนเทนต์ที่สนุกสนานและปลอดภัยสำหรับเด็กเล็ก Lalafun ได้ทำให้เด็กๆ หลายล้านคนยิ้มได้ ช่อง YouTube ของเรา “Lalafun – เพลงกล่อมเด็ก” มียอดวิวหลายพันล้านครั้งและมีผู้ติดตามที่พึงพอใจมากกว่า 33 ล้านคน!
เราเชื่อว่าเด็กๆ เรียนรู้ได้ดีที่สุดผ่านการเล่น — นั่นคือเหตุผลที่ทุกเกมได้รับการทดสอบกับเด็กเล็กจริงๆ และเป็นที่ชื่นชอบของผู้ปกครอง  ดาวน์โหลดและเล่นวันนี้
ปล่อยให้ลูกน้อยของคุณเติบโต จินตนาการ และยิ้มได้ในโลกมหัศจรรย์ของ Lalafun — ทุกที่ทุกเวลา!
ดาวน์โหลดตอนนี้และปลดล็อกความสนุกที่ปลอดภัยและเสริมสร้างความรู้ได้นานหลายชั่วโมงสำหรับเด็กอายุ 1.5–4 ปี
Lalafun — เรียนรู้ เล่น ยิ้ม!","Lalafun'un Büyülü Dünyasına Hoş Geldiniz!
Lalafun, 1,5-4 yaş arası meraklı küçük kaşifler için güvenli ve renkli bir uygulamadır. Dünya çapında milyonlarca ailenin güvendiği zengin mini oyunlar, etkileşimli boyama ve eğlenceli eğitici videolarla erken öğrenmeyi keyifli bir oyuna dönüştürür.
Yürümeye başlayan çocuklar ve okul öncesi çocuklar için mükemmel olan Lalafun, %100 reklamsız bir ortamda mantık, ince motor becerileri, yaratıcılık ve hafıza gelişimine yardımcı olur. Temel Özellikler
45'ten fazla eğlenceli öğrenme oyunu ve videosu — gelişen zihinler için sonsuz maceralar!
Çiftlik Hayvanları Dünyası: Çiftçi Orkestrası'na katılın, ""Kim Nerede Yaşıyor?"" bulmacalarını çözün ve inekler, tavuklar, koyunlar ve daha fazlasıyla oynayın!
Sualtı Dünyası: Köpekbalıkları, yengeçler ve denizyıldızları gibi dost canlısı deniz hayvanlarıyla Balon Patlatma Macerası, Sualtı Orkestrası ve Saklambaç'a dalın.
Yemek Pişirme Eğlencesi: Güvenli ve eğlenceli bir mutfakta kek pişirin, pizza yapın, lezzetli burgerler yapın ve hayali yemekler yaratın!
Erkek Çocuk Oyunları: Renkli Tren (araçları ayırın ve sürükleyin), Araba Yapıcı (arabaları birleştirin ve boyayın) ve Araba Yıkama (kamyonları, itfaiye araçlarını ve polis arabalarını yıkayın ve süsleyin) oynayın.
Kız Çocuk Oyunları: Prenses Giydirme oyununda prensesi dönüştürün, Güzellik Salonu'nda saç ve makyaj yapın ve bir kraliyet odasını temizlerken sıralamayı öğrenin — elbiseleri, kitapları ve oyuncakları renk ve şekillerine göre düzenleyin!
Herkes İçin Boyama: 21 benzersiz boyama sayfası — Erkek Çocuklar İçin: T-Rex, Canavar Kamyon, Polis Arabası, Robot, Köpekbalığı, Aslan
Kız Çocuklar İçin: Deniz Kızı, Tek Boynuzlu At, Peri, Elbiseler, Yavru Kediler, Çiçekler
Ayrıca: Köpek, İnek, Dondurma, Ev ve Bukalemun gibi eğlenceli ortak temalar
Videolar Bölümü: Lalafun'un en popüler eğitim videolarını ve tekerlemelerini istediğiniz zaman izleyin.

Ebeveynlerin Lalafun'u Sevme Nedenleri
Erken çocukluk uzmanları tarafından geliştirilen profesyonel, yaşa uygun içerik.
Büyük düğmeler ve bağımsız oyun için basit hareketlerle çocuk dostu arayüz.
39 dilde mevcut ve dünya çapındaki aileler tarafından seviliyor.
Çevrimdışı çalışır - seyahat veya her yerde oyun zamanı için mükemmel!
Mantığı, ince motor becerilerini, erken yaratıcılığı ve hayvan sevgisini teşvik eder.
Düzenli olarak eklenen yeni içerikler - yeni oyunlar, boyama sayfaları ve videolar!
%100 reklamsız - güvenebileceğiniz güvenli ekran süresi.
Esnek aylık veya yıllık abonelikle tam erişim - istediğiniz zaman iptal edin. Aileler Neden Lalafun'a Güveniyor?
Lalafun bir uygulamadan çok daha fazlasıdır; küçük öğrenciniz için güvenilir bir arkadaştır.
8 yılı aşkın süredir küçük çocuklar için eğlenceli ve güvenli içerikler üreten Lalafun, milyonlarca çocuğu gülümsetmiştir. ""Lalafun – Çocuk Şarkıları"" adlı YouTube kanalımız milyarlarca izlenme ve 33 milyondan fazla mutlu aboneye sahip!
Çocukların en iyi oyun yoluyla öğrendiğine inanıyoruz; bu nedenle her oyun gerçek küçük çocuklarla test ediliyor ve ebeveynler tarafından seviliyor.  Hemen İndirin ve Oynayın
Çocuğunuzun Lalafun'un büyülü dünyasında büyümesine, hayal kurmasına ve gülümsemesine izin verin — her zaman, her yerde!
Hemen indirin ve 1,5-4 yaş arası çocuklar için saatlerce sürecek güvenli ve eğitici eğlencenin kilidini açın.
Lalafun — Öğrenin. Oynayın. Gülümseyin!","Ласкаво просимо до Чарівного світу Lalafun!
Lalafun — це безпечний та барвистий додаток для допитливих маленьких дослідників віком від 1,5 до 4 років. Він перетворює раннє навчання на радісну гру завдяки насиченому поєднанню міні-ігор, інтерактивних розмальовок та веселих навчальних відео, яким довіряють мільйони сімей у всьому світі.
Ідеально підходить для малюків та дошкільнят, Lalafun допомагає розвивати логіку, дрібну моторику, креативність та пам'ять — і все це у просторі, повністю вільному від реклами. Основні характеристики
45+ цікавих навчальних ігор та відео — безкінечні пригоди для зростаючих умів!
Світ сільськогосподарських тварин: Приєднуйтесь до Оркестру фермера, розгадуйте головоломки «Хто де живе?» та грайте з коровами, курми, вівцями тощо!
Підводний світ: Пориньте у пригоди з лопанням бульбашок, підводний оркестр та хованки з дружніми морськими тваринами, такими як акули, краби та морські зірки.
Кулінарні розваги: ​​Печіть тістечка, готуйте піцу, будуйте смачні бургери та створюйте уявні страви на безпечній, грайливій кухні!
Ігри для хлопчиків: Грайте в «Барвистий поїзд» (сортуйте та перетягуйте транспортні засоби), «Створюйте машини» (збирайте та фарбуйте машини) та «Мийте машини» (мийте та прикрашайте вантажівки, пожежні машини та поліцейські машини).
Ігри для дівчаток: Перетворіть принцесу в грі «Одягання принцес», укладайте зачіски та макіяж у Салоні краси та вчіться сортувати, прибираючи королівську кімнату — розставляйте сукні, книги та іграшки за кольором та формою!
Розмальовки для всіх: 21 унікальна сторінка розмальовки —  Для хлопчиків: Тиранозавр, Монстр-трак, Поліцейська машина, Робот, Акула, Лев
Для дівчаток: Русалка, Єдиноріг, Фея, Сукні, Кошенята, Квіти
Плюс: веселі поширені теми, такі як Собака, Корова, Морозиво, Будинок та Хамелеон
Розділ відео: Дивіться найпопулярніші навчальні відео та дитячі віршики Lalafun будь-коли.

Чому батьки люблять Lalafun
Професійний контент, що відповідає віку, розроблений експертами з раннього дитинства.
Зручний для дітей інтерфейс з великими кнопками та простими жестами для самостійної гри.
Доступно 39 мовами та подобається сім'ям у всьому світі.
Працює офлайн — ідеально підходить для подорожей або ігор будь-де!
Розвиває логіку, дрібну моторику, ранню творчість та любов до тварин.
Регулярно додається свіжий контент — нові ігри, розмальовки та відео! 100% без реклами — безпечний час перед екраном, якому ви можете довіряти.
Повний доступ із гнучкою щомісячною або річною підпискою — скасувати можна будь-коли.
Чому сім'ї довіряють Lalafun
Lalafun — це більше, ніж просто додаток, це надійний друг для вашого маленького учня.
Маючи понад 8 років досвіду у створенні радісного та безпечного контенту для малюків, Lalafun викликала посмішки у мільйонів дітей. Наш канал на YouTube «Lalafun – Дитячі пісеньки» має мільярди переглядів та понад 33 мільйони щасливих підписників!
Ми вважаємо, що діти найкраще навчаються через гру — саме тому кожна гра тестується на справжніх малюках і подобається батькам. Завантажте та грайте сьогодні
Дозвольте своїй дитині рости, фантазувати та посміхатися у чарівному світі Lalafun — будь-коли та будь-де!
Завантажте зараз та відкрийте для себе години безпечних, пізнавальних розваг для дітей віком від 1,5 до 4 років.
Lalafun — Навчайтеся. Грайте. Посміхайтеся!","Chào mừng bạn đến với Thế giới Kỳ diệu của Lalafun!
Lalafun là một ứng dụng an toàn, đầy màu sắc dành cho các nhà thám hiểm nhí tò mò từ 1,5 đến 4 tuổi. Ứng dụng biến việc học tập sớm thành những trò chơi thú vị với sự kết hợp phong phú giữa các trò chơi nhỏ, tô màu tương tác và video giáo dục vui nhộn được hàng triệu gia đình trên toàn thế giới tin dùng.
Hoàn hảo cho trẻ mới biết đi và trẻ mẫu giáo, Lalafun giúp phát triển tư duy logic, kỹ năng vận động tinh, khả năng sáng tạo và trí nhớ — tất cả trong một không gian hoàn toàn không có quảng cáo. Các tính năng chính
Hơn 45 trò chơi và video học tập thú vị — những cuộc phiêu lưu bất tận cho trí tuệ đang phát triển!
Thế giới Động vật Nông trại: Tham gia Dàn nhạc Nông dân, giải câu đố ""Ai sống ở đâu?"" và chơi với bò, gà, cừu, v.v.!
Thế giới Dưới nước: Đắm mình vào Cuộc phiêu lưu Thổi bong bóng, Dàn nhạc Dưới nước và Trốn tìm cùng các loài động vật biển thân thiện như cá mập, cua và sao biển.
Nấu ăn vui nhộn: Nướng bánh, làm pizza, làm bánh mì kẹp thịt ngon lành và tạo ra những bữa ăn giả vờ trong một căn bếp an toàn, vui tươi!
Trò chơi dành cho bé trai: Chơi Tàu hỏa đầy màu sắc (sắp xếp và kéo xe), Lắp ráp ô tô (lắp ráp và sơn ô tô) và Rửa xe (rửa và trang trí xe tải, xe cứu hỏa và xe cảnh sát).
Trò chơi dành cho bé gái: Biến hình công chúa trong trò chơi Mặc quần áo Công chúa, tạo kiểu tóc và trang điểm trong Tiệm làm đẹp, và học cách phân loại khi dọn dẹp phòng hoàng gia — sắp xếp váy áo, sách vở và đồ chơi theo màu sắc và hình dạng!
Tô màu cho mọi người: 21 trang tô màu độc đáo — Dành cho bé trai: Khủng long bạo chúa, Xe tải quái vật, Xe cảnh sát, Người máy, Cá mập, Sư tử
Dành cho bé gái: Nàng tiên cá, Kỳ lân, Tiên, Váy, Mèo con, Hoa
Thêm vào đó: các chủ đề phổ biến thú vị như Chó, Bò, Kem, Nhà và Tắc kè hoa
Mục Video: Xem các video giáo dục và bài đồng dao phổ biến nhất của Lalafun bất cứ lúc nào.

Tại sao các bậc phụ huynh yêu thích Lalafun
Nội dung chuyên nghiệp, phù hợp với lứa tuổi được phát triển bởi các chuyên gia về trẻ nhỏ.
Giao diện thân thiện với trẻ em với các nút bấm lớn và cử chỉ đơn giản để bé tự chơi.
Có sẵn 39 ngôn ngữ và được các gia đình trên toàn thế giới yêu thích.
Hoạt động ngoại tuyến — hoàn hảo cho việc di chuyển hoặc vui chơi ở bất cứ đâu!
Phát triển tư duy logic, kỹ năng vận động tinh, khả năng sáng tạo sớm và tình yêu động vật.
Nội dung mới được bổ sung thường xuyên — trò chơi mới, tranh tô màu và video!
100% không có quảng cáo — thời gian sử dụng màn hình an toàn mà bạn có thể tin tưởng.
Truy cập đầy đủ với gói đăng ký hàng tháng hoặc hàng năm linh hoạt — có thể hủy bất cứ lúc nào.
Tại sao các gia đình tin tưởng Lalafun
Lalafun không chỉ là một ứng dụng — mà còn là một người bạn đáng tin cậy cho bé yêu của bạn.
Với hơn 8 năm kinh nghiệm tạo ra nội dung vui nhộn, an toàn cho trẻ mới biết đi, Lalafun đã mang đến nụ cười cho hàng triệu trẻ em. Kênh YouTube của chúng tôi, ""Lalafun – Bài hát thiếu nhi"", đã đạt hàng tỷ lượt xem và hơn 33 triệu người đăng ký hài lòng!
Chúng tôi tin rằng trẻ em học tốt nhất thông qua vui chơi — đó là lý do tại sao mọi trò chơi đều được thử nghiệm với trẻ mới biết đi thực tế và được các bậc phụ huynh yêu thích.   Tải xuống & Chơi ngay hôm nay
Hãy để con bạn lớn lên, tưởng tượng và mỉm cười trong thế giới kỳ diệu của Lalafun — mọi lúc, mọi nơi!
Tải xuống ngay và mở khóa hàng giờ vui chơi giáo dục an toàn dành cho lứa tuổi từ 1,5 đến 4.
Lalafun — Học. Chơi. Cười!"
,,,,,,,,,,,,,,,,,,,,,,,,,,,,,,,,,,,,,,,,
,Lalafun жаңы билим берүү оюндары эми жаңы колдонмодо жеткиликтүү.,New educational games Lalafun now in a new app,Новые развивающие игры Lalafun теперь в новом приложении,ألعاب تعليمية جديدة لالافن الآن في تطبيق جديد,Nous jocs educatius Lalafun ara en una nova aplicació,,,,,,,,,,,,,,,,,,,,,,,,,,,,,,,,,,,
,,https://lalafun.net/,,,,,,,,,,,,,,,,,,,,,,,,,,,,,,,,,,,,,,